,time,apparent_temperature_max (Â°C),precipitation_sum (mm)
335,2012-12-01,3.3,0.0
336,2012-12-02,5.7,0.0
337,2012-12-03,7.3,0.0
338,2012-12-04,8.5,0.0
339,2012-12-05,6.0,0.0
340,2012-12-06,5.2,0.0
341,2012-12-07,8.3,3.1
342,2012-12-08,7.3,0.0
343,2012-12-09,6.9,0.0
344,2012-12-10,4.1,0.0
345,2012-12-11,7.3,0.0
346,2012-12-12,4.6,0.0
347,2012-12-13,3.6,1.0
348,2012-12-14,8.1,4.6
349,2012-12-15,9.7,0.6
350,2012-12-16,9.7,0.0
351,2012-12-17,10.7,0.0
352,2012-12-18,7.1,0.6
353,2012-12-19,8.4,0.0
354,2012-12-20,10.6,0.2
355,2012-12-21,13.0,0.0
356,2012-12-22,11.5,0.0
357,2012-12-23,11.8,0.0
358,2012-12-24,10.6,0.0
359,2012-12-25,8.8,1.4
360,2012-12-26,8.7,0.0
361,2012-12-27,6.0,0.0
362,2012-12-28,9.8,0.0
363,2012-12-29,4.5,0.0
364,2012-12-30,5.6,0.0
365,2012-12-31,2.4,1.4
366,2013-01-01,8.0,2.6
367,2013-01-02,6.8,0.0
368,2013-01-03,9.0,0.0
369,2013-01-04,10.0,0.0
370,2013-01-05,10.8,0.0
371,2013-01-06,9.2,0.0
372,2013-01-07,4.7,0.0
373,2013-01-08,2.2,0.0
374,2013-01-09,2.1,0.0
375,2013-01-10,10.8,0.0
376,2013-01-11,6.3,0.0
377,2013-01-12,6.5,1.3
378,2013-01-13,3.7,2.7
379,2013-01-14,4.6,0.0
380,2013-01-15,6.3,0.0
381,2013-01-16,5.7,3.7
382,2013-01-17,9.0,0.1
383,2013-01-18,10.6,0.2
384,2013-01-19,6.5,17.2
385,2013-01-20,3.1,0.8
386,2013-01-21,4.0,0.2
387,2013-01-22,0.2,3.2
388,2013-01-23,2.5,1.5
389,2013-01-24,6.2,0.2
390,2013-01-25,7.8,0.0
391,2013-01-26,12.8,0.0
392,2013-01-27,5.9,3.3
393,2013-01-28,8.6,0.0
394,2013-01-29,8.7,0.0
395,2013-01-30,11.0,0.0
396,2013-01-31,13.0,0.0
397,2013-02-01,11.2,0.2
398,2013-02-02,7.2,0.0
399,2013-02-03,5.1,0.0
400,2013-02-04,13.0,0.0
401,2013-02-05,11.5,0.0
402,2013-02-06,3.9,0.1
403,2013-02-07,4.1,0.0
404,2013-02-08,4.7,0.0
405,2013-02-09,5.7,0.0
406,2013-02-10,4.2,2.8
407,2013-02-11,2.0,0.0
408,2013-02-12,5.5,0.0
409,2013-02-13,12.4,0.0
410,2013-02-14,13.6,0.0
411,2013-02-15,12.5,0.0
412,2013-02-16,10.9,0.0
413,2013-02-17,7.7,1.8
414,2013-02-18,10.0,0.5
415,2013-02-19,9.2,9.1
416,2013-02-20,10.6,1.0
417,2013-02-21,8.2,2.6
418,2013-02-22,7.8,6.6
419,2013-02-23,3.3,0.3
420,2013-02-24,2.6,0.0
421,2013-02-25,2.4,0.0
422,2013-02-26,5.5,0.0
423,2013-02-27,1.3,2.9
424,2013-02-28,-0.2,5.2
425,2013-03-01,7.6,0.1
426,2013-03-02,9.2,0.0
427,2013-03-03,9.4,0.0
428,2013-03-04,6.7,11.4
429,2013-03-05,11.2,11.0
430,2013-03-06,11.0,1.0
431,2013-03-07,12.2,5.4
432,2013-03-08,7.8,5.5
433,2013-03-09,9.2,2.1
434,2013-03-10,7.1,0.8
435,2013-03-11,7.1,1.7
436,2013-03-12,7.2,0.0
437,2013-03-13,2.7,0.2
438,2013-03-14,4.4,0.0
439,2013-03-15,9.9,0.0
440,2013-03-16,6.9,4.8
441,2013-03-17,8.8,5.2
442,2013-03-18,9.2,0.0
443,2013-03-19,8.1,5.3
444,2013-03-20,11.6,0.0
445,2013-03-21,13.0,0.0
446,2013-03-22,8.5,1.6
447,2013-03-23,9.4,0.0
448,2013-03-24,11.2,1.9
449,2013-03-25,8.2,0.4
450,2013-03-26,11.8,12.3
451,2013-03-27,12.4,5.4
452,2013-03-28,13.1,0.3
453,2013-03-29,11.6,9.0
454,2013-03-30,12.0,0.2
455,2013-03-31,10.7,18.5
456,2013-04-01,10.4,1.5
457,2013-04-02,10.7,0.8
458,2013-04-03,10.3,3.3
459,2013-04-04,10.7,4.5
460,2013-04-05,6.4,1.9
461,2013-04-06,5.7,0.0
462,2013-04-07,9.2,0.0
463,2013-04-08,10.0,0.8
464,2013-04-09,11.3,0.0
465,2013-04-10,12.9,0.0
466,2013-04-11,11.0,0.0
467,2013-04-12,14.2,0.0
468,2013-04-13,19.4,0.0
469,2013-04-14,23.5,0.0
470,2013-04-15,22.7,0.0
471,2013-04-16,24.4,0.0
472,2013-04-17,26.7,0.0
473,2013-04-18,25.3,0.0
474,2013-04-19,15.0,0.0
475,2013-04-20,17.2,0.0
476,2013-04-21,20.5,0.0
477,2013-04-22,16.5,0.0
478,2013-04-23,19.3,0.0
479,2013-04-24,19.4,0.0
480,2013-04-25,18.3,0.0
481,2013-04-26,16.9,2.2
482,2013-04-27,11.0,7.7
483,2013-04-28,3.7,4.4
484,2013-04-29,5.6,18.3
485,2013-04-30,12.0,1.8
486,2013-05-01,13.3,0.5
487,2013-05-02,14.8,0.0
488,2013-05-03,17.8,0.0
489,2013-05-04,21.5,0.0
490,2013-05-05,22.5,0.0
491,2013-05-06,21.3,0.0
492,2013-05-07,21.1,0.4
493,2013-05-08,20.9,0.0
494,2013-05-09,20.4,1.4
495,2013-05-10,22.1,0.0
496,2013-05-11,23.8,0.2
497,2013-05-12,24.1,0.0
498,2013-05-13,24.9,0.0
499,2013-05-14,21.2,5.3
500,2013-05-15,12.2,5.2
501,2013-05-16,11.8,2.3
502,2013-05-17,7.3,10.0
503,2013-05-18,9.1,3.0
504,2013-05-19,11.9,0.6
505,2013-05-20,14.1,0.4
506,2013-05-21,16.0,0.1
507,2013-05-22,19.7,0.0
508,2013-05-23,21.5,0.0
509,2013-05-24,21.7,0.0
510,2013-05-25,23.6,0.0
511,2013-05-26,20.6,0.1
512,2013-05-27,18.1,0.0
513,2013-05-28,14.1,0.0
514,2013-05-29,13.4,3.8
515,2013-05-30,15.6,2.3
516,2013-05-31,15.7,0.0
517,2013-06-01,21.2,0.0
518,2013-06-02,22.5,0.0
519,2013-06-03,25.9,0.0
520,2013-06-04,27.2,0.0
521,2013-06-05,28.1,0.0
522,2013-06-06,22.6,0.3
523,2013-06-07,15.9,1.5
524,2013-06-08,15.8,0.4
525,2013-06-09,18.6,1.0
526,2013-06-10,22.3,0.0
527,2013-06-11,27.8,0.0
528,2013-06-12,32.4,0.0
529,2013-06-13,31.5,0.0
530,2013-06-14,30.4,0.0
531,2013-06-15,31.6,0.0
532,2013-06-16,31.3,0.0
533,2013-06-17,19.9,0.0
534,2013-06-18,17.2,0.2
535,2013-06-19,17.5,0.2
536,2013-06-20,24.4,0.0
537,2013-06-21,28.2,0.7
538,2013-06-22,31.9,0.0
539,2013-06-23,32.2,0.0
540,2013-06-24,28.8,0.0
541,2013-06-25,31.2,0.0
542,2013-06-26,31.3,0.0
543,2013-06-27,31.4,0.2
544,2013-06-28,29.8,0.0
545,2013-06-29,30.9,0.0
546,2013-06-30,33.4,0.0
547,2013-07-01,32.6,0.0
548,2013-07-02,31.4,0.0
549,2013-07-03,35.9,0.0
550,2013-07-04,35.9,0.0
551,2013-07-05,37.4,0.0
552,2013-07-06,36.5,0.0
553,2013-07-07,37.2,0.0
554,2013-07-08,37.4,0.0
555,2013-07-09,37.2,0.6
556,2013-07-10,35.1,0.0
557,2013-07-11,35.3,0.0
558,2013-07-12,34.5,0.0
559,2013-07-13,32.8,0.0
560,2013-07-14,32.3,0.0
561,2013-07-15,32.3,0.0
562,2013-07-16,32.9,0.0
563,2013-07-17,33.8,0.0
564,2013-07-18,33.5,0.0
565,2013-07-19,33.6,0.0
566,2013-07-20,34.3,0.0
567,2013-07-21,33.6,0.1
568,2013-07-22,33.2,0.0
569,2013-07-23,30.6,0.0
570,2013-07-24,33.4,0.0
571,2013-07-25,33.8,0.0
572,2013-07-26,31.9,0.0
573,2013-07-27,21.8,1.8
574,2013-07-28,22.7,0.0
575,2013-07-29,28.6,0.0
576,2013-07-30,33.4,0.0
577,2013-07-31,35.6,0.0
578,2013-08-01,34.7,0.0
579,2013-08-02,30.9,0.0
580,2013-08-03,30.6,0.0
581,2013-08-04,33.1,0.0
582,2013-08-05,32.3,0.0
583,2013-08-06,28.2,0.0
584,2013-08-07,27.8,0.1
585,2013-08-08,29.0,0.0
586,2013-08-09,33.4,0.0
587,2013-08-10,37.2,0.0
588,2013-08-11,36.7,0.0
589,2013-08-12,35.1,0.0
590,2013-08-13,33.9,0.0
591,2013-08-14,35.6,0.0
592,2013-08-15,35.6,0.2
593,2013-08-16,33.6,0.0
594,2013-08-17,35.2,0.0
595,2013-08-18,35.2,0.0
596,2013-08-19,36.5,0.0
597,2013-08-20,37.9,0.0
598,2013-08-21,37.1,0.0
599,2013-08-22,33.2,0.0
600,2013-08-23,33.7,0.0
601,2013-08-24,34.3,0.0
602,2013-08-25,32.3,0.0
603,2013-08-26,31.2,0.0
604,2013-08-27,30.9,0.0
605,2013-08-28,25.9,0.1
606,2013-08-29,25.9,0.2
607,2013-08-30,27.4,0.0
608,2013-08-31,30.5,0.0
609,2013-09-01,30.8,0.0
610,2013-09-02,32.3,0.0
611,2013-09-03,32.6,0.0
612,2013-09-04,31.7,0.0
613,2013-09-05,28.7,0.4
614,2013-09-06,26.2,0.0
615,2013-09-07,24.9,0.3
616,2013-09-08,26.5,0.3
617,2013-09-09,27.9,0.0
618,2013-09-10,29.1,0.0
619,2013-09-11,25.2,0.2
620,2013-09-12,26.7,0.0
621,2013-09-13,28.5,0.0
622,2013-09-14,29.0,0.0
623,2013-09-15,30.0,0.0
624,2013-09-16,29.6,0.0
625,2013-09-17,29.2,0.0
626,2013-09-18,29.3,0.0
627,2013-09-19,27.8,0.0
628,2013-09-20,28.6,0.0
629,2013-09-21,29.8,0.0
630,2013-09-22,30.0,0.0
631,2013-09-23,29.5,0.0
632,2013-09-24,28.6,0.0
633,2013-09-25,28.7,0.0
634,2013-09-26,28.9,0.0
635,2013-09-27,23.4,1.1
636,2013-09-28,18.0,4.6
637,2013-09-29,19.1,0.3
638,2013-09-30,21.3,9.8
639,2013-10-01,22.6,0.1
640,2013-10-02,25.2,0.0
641,2013-10-03,23.0,0.7
642,2013-10-04,21.1,11.1
643,2013-10-05,23.7,0.0
644,2013-10-06,22.5,0.0
645,2013-10-07,22.8,0.0
646,2013-10-08,24.1,0.0
647,2013-10-09,23.7,0.0
648,2013-10-10,23.7,0.0
649,2013-10-11,21.3,0.0
650,2013-10-12,18.1,0.0
651,2013-10-13,18.3,0.0
652,2013-10-14,19.7,0.0
653,2013-10-15,21.7,0.6
654,2013-10-16,24.1,0.0
655,2013-10-17,24.3,0.0
656,2013-10-18,21.8,0.0
657,2013-10-19,18.4,3.0
658,2013-10-20,17.9,3.3
659,2013-10-21,18.3,0.0
660,2013-10-22,13.2,18.1
661,2013-10-23,16.5,0.0
662,2013-10-24,18.1,3.6
663,2013-10-25,17.7,17.5
664,2013-10-26,18.1,1.8
665,2013-10-27,19.0,0.0
666,2013-10-28,19.8,0.0
667,2013-10-29,11.0,0.0
668,2013-10-30,13.1,0.0
669,2013-10-31,15.6,0.0
670,2013-11-01,13.8,0.0
671,2013-11-02,16.6,0.0
672,2013-11-03,16.0,0.0
673,2013-11-04,13.9,1.3
674,2013-11-05,19.5,0.0
675,2013-11-06,20.4,0.0
676,2013-11-07,14.3,0.1
677,2013-11-08,13.5,1.5
678,2013-11-09,11.9,0.0
679,2013-11-10,15.1,0.0
680,2013-11-11,17.3,0.0
681,2013-11-12,19.6,0.0
682,2013-11-13,14.9,0.0
683,2013-11-14,12.9,0.0
684,2013-11-15,5.8,0.0
685,2013-11-16,3.2,1.3
686,2013-11-17,4.9,11.0
687,2013-11-18,6.5,2.1
688,2013-11-19,9.3,0.0
689,2013-11-20,5.1,0.0
690,2013-11-21,6.4,0.0
691,2013-11-22,6.6,0.0
692,2013-11-23,5.8,0.0
693,2013-11-24,6.2,0.0
694,2013-11-25,7.3,0.0
695,2013-11-26,4.8,0.0
696,2013-11-27,5.9,0.0
697,2013-11-28,5.4,1.1
698,2013-11-29,6.9,0.0
699,2013-11-30,4.9,0.0
700,2013-12-01,6.7,0.0
701,2013-12-02,7.2,0.0
702,2013-12-03,9.4,0.0
703,2013-12-04,13.4,0.0
704,2013-12-05,11.9,0.0
705,2013-12-06,10.8,0.0
706,2013-12-07,9.7,0.0
707,2013-12-08,8.1,0.0
708,2013-12-09,6.6,0.0
709,2013-12-10,7.2,0.0
710,2013-12-11,7.2,0.0
711,2013-12-12,6.6,0.0
712,2013-12-13,4.8,3.4
713,2013-12-14,10.9,0.0
714,2013-12-15,10.8,0.0
715,2013-12-16,9.8,0.0
716,2013-12-17,6.5,0.0
717,2013-12-18,6.6,0.9
718,2013-12-19,7.9,11.0
719,2013-12-20,5.0,0.0
720,2013-12-21,4.6,0.0
721,2013-12-22,6.9,0.0
722,2013-12-23,6.0,0.0
723,2013-12-24,6.2,15.7
724,2013-12-25,6.3,9.4
725,2013-12-26,5.4,0.0
726,2013-12-27,8.0,1.3
727,2013-12-28,7.3,2.7
728,2013-12-29,6.1,0.0
729,2013-12-30,3.7,0.0
730,2013-12-31,3.8,1.7
731,2014-01-01,5.6,1.6
732,2014-01-02,9.5,6.6
733,2014-01-03,9.5,7.4
734,2014-01-04,8.9,15.5
735,2014-01-05,5.7,0.0
736,2014-01-06,7.8,0.2
737,2014-01-07,10.7,0.0
738,2014-01-08,11.1,0.0
739,2014-01-09,12.0,0.0
740,2014-01-10,10.9,0.0
741,2014-01-11,9.9,0.0
742,2014-01-12,6.9,0.0
743,2014-01-13,5.9,0.8
744,2014-01-14,10.8,2.4
745,2014-01-15,6.9,1.7
746,2014-01-16,6.3,1.3
747,2014-01-17,4.2,5.7
748,2014-01-18,5.5,13.9
749,2014-01-19,3.2,3.9
750,2014-01-20,5.4,0.0
751,2014-01-21,5.6,5.0
752,2014-01-22,8.8,2.9
753,2014-01-23,7.4,0.0
754,2014-01-24,10.1,0.0
755,2014-01-25,12.8,0.0
756,2014-01-26,13.2,0.0
757,2014-01-27,8.4,0.0
758,2014-01-28,3.8,1.8
759,2014-01-29,4.4,3.2
760,2014-01-30,4.7,0.0
761,2014-01-31,8.9,0.4
762,2014-02-01,8.2,0.2
763,2014-02-02,6.0,0.0
764,2014-02-03,3.2,1.9
765,2014-02-04,3.3,6.6
766,2014-02-05,6.8,4.6
767,2014-02-06,10.4,7.4
768,2014-02-07,4.1,0.0
769,2014-02-08,7.7,2.7
770,2014-02-09,3.7,14.2
771,2014-02-10,2.0,0.9
772,2014-02-11,2.0,8.4
773,2014-02-12,5.2,0.5
774,2014-02-13,13.0,0.0
775,2014-02-14,10.9,1.6
776,2014-02-15,6.8,6.9
777,2014-02-16,7.0,0.2
778,2014-02-17,7.1,0.0
779,2014-02-18,8.3,0.0
780,2014-02-19,11.7,0.0
781,2014-02-20,10.2,0.0
782,2014-02-21,7.8,1.1
783,2014-02-22,9.0,0.0
784,2014-02-23,10.6,0.0
785,2014-02-24,6.1,2.0
786,2014-02-25,6.7,0.3
787,2014-02-26,6.2,0.1
788,2014-02-27,10.4,1.0
789,2014-02-28,8.2,0.0
790,2014-03-01,10.0,9.1
791,2014-03-02,12.5,1.0
792,2014-03-03,9.1,1.4
793,2014-03-04,7.8,0.0
794,2014-03-05,14.3,0.0
795,2014-03-06,18.7,0.0
796,2014-03-07,15.8,0.0
797,2014-03-08,16.0,0.0
798,2014-03-09,14.7,0.0
799,2014-03-10,16.2,0.0
800,2014-03-11,15.7,0.0
801,2014-03-12,13.4,0.0
802,2014-03-13,10.5,0.0
803,2014-03-14,14.2,0.0
804,2014-03-15,17.3,0.0
805,2014-03-16,21.3,0.0
806,2014-03-17,20.7,0.0
807,2014-03-18,21.8,0.0
808,2014-03-19,19.2,0.0
809,2014-03-20,20.4,0.4
810,2014-03-21,15.6,0.3
811,2014-03-22,11.3,0.3
812,2014-03-23,9.8,0.0
813,2014-03-24,9.6,0.8
814,2014-03-25,7.1,1.0
815,2014-03-26,7.8,0.1
816,2014-03-27,8.1,0.0
817,2014-03-28,11.1,0.3
818,2014-03-29,10.9,5.7
819,2014-03-30,9.0,1.2
820,2014-03-31,13.2,0.7
821,2014-04-01,13.0,1.9
822,2014-04-02,10.6,12.7
823,2014-04-03,10.7,0.3
824,2014-04-04,13.5,0.0
825,2014-04-05,19.5,2.5
826,2014-04-06,21.0,0.0
827,2014-04-07,23.7,0.0
828,2014-04-08,25.1,0.0
829,2014-04-09,25.7,0.5
830,2014-04-10,26.5,0.7
831,2014-04-11,24.8,0.0
832,2014-04-12,22.3,1.6
833,2014-04-13,24.3,0.0
834,2014-04-14,23.9,0.0
835,2014-04-15,25.2,0.3
836,2014-04-16,25.6,0.0
837,2014-04-17,27.7,0.0
838,2014-04-18,27.2,0.0
839,2014-04-19,22.1,0.0
840,2014-04-20,15.2,0.6
841,2014-04-21,14.1,12.3
842,2014-04-22,14.4,0.0
843,2014-04-23,15.6,0.0
844,2014-04-24,12.5,4.5
845,2014-04-25,14.2,0.0
846,2014-04-26,14.6,2.0
847,2014-04-27,17.5,0.0
848,2014-04-28,22.5,0.0
849,2014-04-29,23.4,0.0
850,2014-04-30,22.7,0.0
851,2014-05-01,25.7,0.0
852,2014-05-02,19.1,0.0
853,2014-05-03,21.0,0.0
854,2014-05-04,24.8,0.0
855,2014-05-05,26.2,0.0
856,2014-05-06,25.3,0.0
857,2014-05-07,25.3,0.0
858,2014-05-08,28.2,0.0
859,2014-05-09,30.2,0.0
860,2014-05-10,30.3,0.0
861,2014-05-11,27.8,0.0
862,2014-05-12,27.3,0.0
863,2014-05-13,22.2,0.0
864,2014-05-14,23.0,0.0
865,2014-05-15,24.3,0.0
866,2014-05-16,25.4,0.0
867,2014-05-17,24.3,0.0
868,2014-05-18,24.2,0.0
869,2014-05-19,17.3,0.7
870,2014-05-20,12.8,0.0
871,2014-05-21,11.4,9.2
872,2014-05-22,13.0,0.3
873,2014-05-23,16.8,0.4
874,2014-05-24,19.3,0.0
875,2014-05-25,18.0,0.0
876,2014-05-26,20.5,0.0
877,2014-05-27,20.4,0.0
878,2014-05-28,18.3,3.0
879,2014-05-29,20.4,0.0
880,2014-05-30,21.3,0.5
881,2014-05-31,18.5,0.0
882,2014-06-01,21.4,0.0
883,2014-06-02,25.4,0.0
884,2014-06-03,27.7,0.0
885,2014-06-04,25.6,0.0
886,2014-06-05,23.6,0.0
887,2014-06-06,26.3,1.4
888,2014-06-07,23.3,0.0
889,2014-06-08,27.2,0.0
890,2014-06-09,26.6,0.0
891,2014-06-10,27.5,0.0
892,2014-06-11,31.1,0.6
893,2014-06-12,32.5,0.0
894,2014-06-13,34.2,0.0
895,2014-06-14,32.7,0.0
896,2014-06-15,27.4,0.0
897,2014-06-16,25.2,0.1
898,2014-06-17,27.6,0.0
899,2014-06-18,30.1,0.0
900,2014-06-19,29.8,0.0
901,2014-06-20,30.7,1.9
902,2014-06-21,25.9,0.1
903,2014-06-22,27.6,0.0
904,2014-06-23,27.8,0.0
905,2014-06-24,22.5,6.2
906,2014-06-25,25.4,0.0
907,2014-06-26,26.6,0.5
908,2014-06-27,28.4,0.0
909,2014-06-28,26.5,0.0
910,2014-06-29,26.3,0.0
911,2014-06-30,27.8,0.0
912,2014-07-01,25.0,0.0
913,2014-07-02,25.6,0.0
914,2014-07-03,21.0,9.7
915,2014-07-04,29.1,0.0
916,2014-07-05,29.2,0.0
917,2014-07-06,25.8,4.1
918,2014-07-07,25.0,0.0
919,2014-07-08,30.5,0.0
920,2014-07-09,27.5,0.0
921,2014-07-10,28.1,0.0
922,2014-07-11,30.1,0.0
923,2014-07-12,31.5,0.0
924,2014-07-13,32.9,0.0
925,2014-07-14,35.7,0.0
926,2014-07-15,35.7,0.0
927,2014-07-16,36.7,0.0
928,2014-07-17,34.6,0.0
929,2014-07-18,33.0,0.0
930,2014-07-19,21.4,0.0
931,2014-07-20,23.5,0.0
932,2014-07-21,31.8,0.0
933,2014-07-22,34.5,0.0
934,2014-07-23,35.4,0.0
935,2014-07-24,34.1,0.0
936,2014-07-25,33.4,0.0
937,2014-07-26,34.9,0.0
938,2014-07-27,36.3,0.0
939,2014-07-28,34.9,0.0
940,2014-07-29,29.3,0.0
941,2014-07-30,32.3,0.0
942,2014-07-31,33.9,0.0
943,2014-08-01,27.9,0.1
944,2014-08-02,26.5,0.0
945,2014-08-03,28.1,0.0
946,2014-08-04,30.5,0.0
947,2014-08-05,34.8,0.0
948,2014-08-06,34.5,0.0
949,2014-08-07,34.1,0.0
950,2014-08-08,31.7,0.0
951,2014-08-09,30.2,0.0
952,2014-08-10,31.1,0.0
953,2014-08-11,34.0,0.0
954,2014-08-12,33.2,0.0
955,2014-08-13,27.4,0.0
956,2014-08-14,29.6,0.0
957,2014-08-15,31.3,0.0
958,2014-08-16,29.8,0.0
959,2014-08-17,32.9,0.0
960,2014-08-18,32.7,0.0
961,2014-08-19,30.0,0.0
962,2014-08-20,30.2,0.0
963,2014-08-21,28.1,0.0
964,2014-08-22,26.9,1.6
965,2014-08-23,30.4,0.0
966,2014-08-24,30.9,0.0
967,2014-08-25,32.0,0.0
968,2014-08-26,34.0,0.0
969,2014-08-27,34.5,0.0
970,2014-08-28,32.4,0.0
971,2014-08-29,33.2,0.0
972,2014-08-30,31.8,0.0
973,2014-08-31,34.6,0.1
974,2014-09-01,36.9,0.0
975,2014-09-02,36.5,0.0
976,2014-09-03,32.9,0.0
977,2014-09-04,30.9,0.0
978,2014-09-05,31.3,0.0
979,2014-09-06,28.8,0.0
980,2014-09-07,25.9,0.2
981,2014-09-08,27.7,0.0
982,2014-09-09,29.6,0.0
983,2014-09-10,29.5,0.0
984,2014-09-11,27.2,0.0
985,2014-09-12,29.5,0.0
986,2014-09-13,28.3,0.0
987,2014-09-14,25.7,0.0
988,2014-09-15,24.1,0.0
989,2014-09-16,23.9,0.1
990,2014-09-17,22.0,0.4
991,2014-09-18,21.0,0.4
992,2014-09-19,20.7,0.3
993,2014-09-20,24.0,0.0
994,2014-09-21,26.3,1.2
995,2014-09-22,22.7,2.9
996,2014-09-23,21.7,0.0
997,2014-09-24,21.0,1.6
998,2014-09-25,21.7,0.0
999,2014-09-26,24.1,0.0
1000,2014-09-27,22.2,3.8
1001,2014-09-28,21.2,4.8
1002,2014-09-29,22.9,0.0
1003,2014-09-30,25.2,0.0
1004,2014-10-01,25.4,0.0
1005,2014-10-02,25.9,0.0
1006,2014-10-03,26.0,0.2
1007,2014-10-04,25.9,0.0
1008,2014-10-05,24.2,0.0
1009,2014-10-06,22.1,0.0
1010,2014-10-07,20.0,0.0
1011,2014-10-08,20.9,0.0
1012,2014-10-09,18.7,5.1
1013,2014-10-10,19.2,19.1
1014,2014-10-11,20.3,17.6
1015,2014-10-12,14.2,11.6
1016,2014-10-13,14.7,3.1
1017,2014-10-14,14.2,23.1
1018,2014-10-15,15.4,0.1
1019,2014-10-16,18.1,0.0
1020,2014-10-17,21.6,0.0
1021,2014-10-18,25.5,0.0
1022,2014-10-19,25.9,0.0
1023,2014-10-20,26.0,0.0
1024,2014-10-21,27.8,0.0
1025,2014-10-22,21.3,0.0
1026,2014-10-23,22.5,0.0
1027,2014-10-24,24.6,0.0
1028,2014-10-25,24.8,0.0
1029,2014-10-26,25.1,0.0
1030,2014-10-27,23.0,0.0
1031,2014-10-28,21.4,0.0
1032,2014-10-29,23.0,0.0
1033,2014-10-30,24.0,0.0
1034,2014-10-31,21.7,0.0
1035,2014-11-01,20.3,0.0
1036,2014-11-02,17.9,0.0
1037,2014-11-03,10.4,4.5
1038,2014-11-04,9.6,7.4
1039,2014-11-05,9.1,0.0
1040,2014-11-06,11.9,0.0
1041,2014-11-07,15.2,0.5
1042,2014-11-08,9.7,3.7
1043,2014-11-09,9.7,1.1
1044,2014-11-10,8.1,1.0
1045,2014-11-11,8.7,8.8
1046,2014-11-12,11.9,0.0
1047,2014-11-13,14.2,1.7
1048,2014-11-14,12.4,10.9
1049,2014-11-15,7.4,2.3
1050,2014-11-16,8.4,0.0
1051,2014-11-17,10.9,0.0
1052,2014-11-18,8.2,0.0
1053,2014-11-19,13.0,0.0
1054,2014-11-20,16.5,0.0
1055,2014-11-21,14.0,0.0
1056,2014-11-22,15.7,0.0
1057,2014-11-23,16.3,3.6
1058,2014-11-24,17.4,0.1
1059,2014-11-25,14.5,0.5
1060,2014-11-26,11.4,0.0
1061,2014-11-27,9.5,8.0
1062,2014-11-28,9.5,15.8
1063,2014-11-29,9.9,4.3
1064,2014-11-30,13.3,1.7
1065,2014-12-01,11.4,0.0
1066,2014-12-02,10.3,0.0
1067,2014-12-03,7.6,0.0
1068,2014-12-04,7.8,0.0
1069,2014-12-05,8.7,0.0
1070,2014-12-06,5.2,0.0
1071,2014-12-07,6.1,0.0
1072,2014-12-08,9.3,0.0
1073,2014-12-09,5.3,0.0
1074,2014-12-10,11.2,0.0
1075,2014-12-11,10.9,0.0
1076,2014-12-12,6.5,0.0
1077,2014-12-13,8.5,11.2
1078,2014-12-14,7.6,22.5
1079,2014-12-15,8.6,0.1
1080,2014-12-16,12.5,3.7
1081,2014-12-17,11.5,0.0
1082,2014-12-18,13.4,0.0
1083,2014-12-19,10.5,0.0
1084,2014-12-20,11.9,0.0
1085,2014-12-21,10.8,0.0
1086,2014-12-22,9.2,0.0
1087,2014-12-23,7.4,0.0
1088,2014-12-24,8.1,0.0
1089,2014-12-25,8.9,0.0
1090,2014-12-26,9.7,0.0
1091,2014-12-27,7.5,0.0
1092,2014-12-28,8.5,1.0
1093,2014-12-29,3.7,0.0
1094,2014-12-30,7.3,0.0
1095,2014-12-31,9.1,0.0
1096,2015-01-01,8.8,0.0
1097,2015-01-02,10.3,0.0
1098,2015-01-03,10.6,0.0
1099,2015-01-04,13.2,0.0
1100,2015-01-05,10.1,0.0
1101,2015-01-06,7.5,0.0
1102,2015-01-07,6.9,0.0
1103,2015-01-08,8.0,0.0
1104,2015-01-09,11.6,0.0
1105,2015-01-10,10.3,0.0
1106,2015-01-11,12.5,0.0
1107,2015-01-12,10.1,0.0
1108,2015-01-13,8.5,0.0
1109,2015-01-14,7.5,0.0
1110,2015-01-15,6.0,2.2
1111,2015-01-16,5.2,4.0
1112,2015-01-17,4.3,0.0
1113,2015-01-18,0.3,6.4
1114,2015-01-19,1.2,2.8
1115,2015-01-20,2.4,0.0
1116,2015-01-21,2.6,1.0
1117,2015-01-22,3.4,0.0
1118,2015-01-23,4.3,0.0
1119,2015-01-24,6.3,0.0
1120,2015-01-25,7.6,0.0
1121,2015-01-26,10.4,0.0
1122,2015-01-27,8.9,0.0
1123,2015-01-28,10.6,0.0
1124,2015-01-29,9.0,0.0
1125,2015-01-30,10.8,3.8
1126,2015-01-31,8.4,8.1
1127,2015-02-01,2.2,0.0
1128,2015-02-02,1.7,5.0
1129,2015-02-03,4.6,1.9
1130,2015-02-04,-0.6,0.5
1131,2015-02-05,-1.1,0.0
1132,2015-02-06,0.3,0.0
1133,2015-02-07,0.0,0.0
1134,2015-02-08,4.6,0.0
1135,2015-02-09,6.6,0.0
1136,2015-02-10,5.6,0.0
1137,2015-02-11,6.5,0.2
1138,2015-02-12,8.5,0.0
1139,2015-02-13,8.7,0.0
1140,2015-02-14,8.3,0.7
1141,2015-02-15,10.5,1.3
1142,2015-02-16,9.8,0.2
1143,2015-02-17,6.4,2.2
1144,2015-02-18,7.1,0.0
1145,2015-02-19,9.7,0.0
1146,2015-02-20,7.3,0.0
1147,2015-02-21,8.3,3.0
1148,2015-02-22,10.4,0.0
1149,2015-02-23,10.6,0.8
1150,2015-02-24,5.5,0.0
1151,2015-02-25,8.5,0.0
1152,2015-02-26,12.0,0.0
1153,2015-02-27,9.8,0.0
1154,2015-02-28,13.5,0.0
1155,2015-03-01,17.5,0.0
1156,2015-03-02,18.0,0.0
1157,2015-03-03,17.3,0.5
1158,2015-03-04,11.1,0.0
1159,2015-03-05,9.3,0.0
1160,2015-03-06,15.6,0.0
1161,2015-03-07,19.3,0.0
1162,2015-03-08,20.5,0.0
1163,2015-03-09,19.9,0.0
1164,2015-03-10,19.6,0.0
1165,2015-03-11,20.7,0.0
1166,2015-03-12,19.0,0.0
1167,2015-03-13,14.4,0.0
1168,2015-03-14,9.9,0.0
1169,2015-03-15,6.1,0.0
1170,2015-03-16,9.7,0.0
1171,2015-03-17,10.0,0.2
1172,2015-03-18,6.0,6.6
1173,2015-03-19,8.3,2.4
1174,2015-03-20,8.5,4.1
1175,2015-03-21,7.9,4.5
1176,2015-03-22,10.7,2.9
1177,2015-03-23,8.2,15.9
1178,2015-03-24,8.4,9.3
1179,2015-03-25,3.5,0.0
1180,2015-03-26,11.7,0.0
1181,2015-03-27,18.1,0.0
1182,2015-03-28,23.9,0.0
1183,2015-03-29,20.3,0.0
1184,2015-03-30,23.7,0.0
1185,2015-03-31,25.2,0.0
1186,2015-04-01,20.7,0.0
1187,2015-04-02,22.2,0.0
1188,2015-04-03,21.9,0.0
1189,2015-04-04,19.9,0.0
1190,2015-04-05,22.3,0.0
1191,2015-04-06,19.1,0.0
1192,2015-04-07,15.4,0.0
1193,2015-04-08,13.1,0.5
1194,2015-04-09,7.9,3.4
1195,2015-04-10,14.0,0.1
1196,2015-04-11,18.7,0.0
1197,2015-04-12,18.5,0.6
1198,2015-04-13,18.3,0.0
1199,2015-04-14,19.4,0.0
1200,2015-04-15,16.2,1.1
1201,2015-04-16,13.7,2.6
1202,2015-04-17,17.5,0.3
1203,2015-04-18,13.9,0.1
1204,2015-04-19,17.2,0.0
1205,2015-04-20,20.5,0.0
1206,2015-04-21,19.1,0.0
1207,2015-04-22,19.2,0.2
1208,2015-04-23,21.8,0.0
1209,2015-04-24,20.1,0.0
1210,2015-04-25,15.0,0.0
1211,2015-04-26,11.7,10.1
1212,2015-04-27,14.1,0.1
1213,2015-04-28,17.2,0.0
1214,2015-04-29,18.1,0.0
1215,2015-04-30,22.0,0.0
1216,2015-05-01,22.6,0.0
1217,2015-05-02,25.1,0.0
1218,2015-05-03,20.1,0.0
1219,2015-05-04,20.1,0.1
1220,2015-05-05,17.9,0.0
1221,2015-05-06,20.3,0.0
1222,2015-05-07,24.8,0.0
1223,2015-05-08,24.0,0.0
1224,2015-05-09,28.0,0.0
1225,2015-05-10,29.5,0.0
1226,2015-05-11,30.8,0.0
1227,2015-05-12,31.6,0.0
1228,2015-05-13,31.8,0.0
1229,2015-05-14,28.9,0.0
1230,2015-05-15,20.1,0.0
1231,2015-05-16,25.0,0.0
1232,2015-05-17,28.6,0.0
1233,2015-05-18,29.5,0.0
1234,2015-05-19,20.0,1.3
1235,2015-05-20,18.2,0.0
1236,2015-05-21,19.6,0.0
1237,2015-05-22,19.3,0.0
1238,2015-05-23,21.1,0.0
1239,2015-05-24,21.2,0.0
1240,2015-05-25,24.0,0.0
1241,2015-05-26,25.9,0.0
1242,2015-05-27,28.1,0.0
1243,2015-05-28,30.3,0.1
1244,2015-05-29,27.9,2.0
1245,2015-05-30,27.3,0.2
1246,2015-05-31,28.5,0.0
1247,2015-06-01,29.4,0.0
1248,2015-06-02,30.6,0.0
1249,2015-06-03,32.5,0.0
1250,2015-06-04,30.5,0.0
1251,2015-06-05,30.8,0.0
1252,2015-06-06,31.7,0.0
1253,2015-06-07,32.1,0.0
1254,2015-06-08,32.2,0.0
1255,2015-06-09,29.7,0.0
1256,2015-06-10,24.7,0.6
1257,2015-06-11,20.7,7.2
1258,2015-06-12,20.7,0.0
1259,2015-06-13,18.1,0.0
1260,2015-06-14,18.4,0.2
1261,2015-06-15,18.4,10.8
1262,2015-06-16,23.3,0.0
1263,2015-06-17,27.0,0.0
1264,2015-06-18,30.2,0.0
1265,2015-06-19,32.5,0.0
1266,2015-06-20,33.3,0.0
1267,2015-06-21,34.3,0.0
1268,2015-06-22,31.7,0.0
1269,2015-06-23,29.4,3.3
1270,2015-06-24,29.6,0.0
1271,2015-06-25,32.1,0.0
1272,2015-06-26,33.9,0.0
1273,2015-06-27,36.4,0.0
1274,2015-06-28,38.2,0.0
1275,2015-06-29,38.3,0.0
1276,2015-06-30,36.6,0.0
1277,2015-07-01,33.5,0.0
1278,2015-07-02,32.0,0.0
1279,2015-07-03,34.9,0.0
1280,2015-07-04,36.0,0.3
1281,2015-07-05,34.9,0.0
1282,2015-07-06,37.5,0.0
1283,2015-07-07,35.6,0.0
1284,2015-07-08,36.4,0.0
1285,2015-07-09,36.9,0.0
1286,2015-07-10,33.3,0.0
1287,2015-07-11,36.2,0.0
1288,2015-07-12,36.6,0.0
1289,2015-07-13,38.5,0.0
1290,2015-07-14,38.2,0.0
1291,2015-07-15,38.4,0.0
1292,2015-07-16,35.7,0.0
1293,2015-07-17,33.8,1.7
1294,2015-07-18,31.1,1.2
1295,2015-07-19,34.1,0.0
1296,2015-07-20,36.8,0.1
1297,2015-07-21,35.4,0.1
1298,2015-07-22,37.7,0.8
1299,2015-07-23,35.5,0.0
1300,2015-07-24,33.3,0.0
1301,2015-07-25,35.0,0.0
1302,2015-07-26,35.3,0.0
1303,2015-07-27,36.5,0.0
1304,2015-07-28,36.5,0.0
1305,2015-07-29,34.2,0.0
1306,2015-07-30,32.7,0.2
1307,2015-07-31,29.3,3.3
1308,2015-08-01,32.6,0.0
1309,2015-08-02,34.9,0.0
1310,2015-08-03,35.0,1.2
1311,2015-08-04,34.0,0.0
1312,2015-08-05,32.9,0.0
1313,2015-08-06,33.6,0.0
1314,2015-08-07,33.5,0.0
1315,2015-08-08,31.8,0.3
1316,2015-08-09,32.9,0.0
1317,2015-08-10,36.0,0.0
1318,2015-08-11,33.0,0.0
1319,2015-08-12,30.7,0.0
1320,2015-08-13,26.4,0.1
1321,2015-08-14,26.1,0.0
1322,2015-08-15,25.9,0.0
1323,2015-08-16,28.3,0.0
1324,2015-08-17,29.2,0.0
1325,2015-08-18,31.8,0.0
1326,2015-08-19,32.9,0.0
1327,2015-08-20,34.6,0.0
1328,2015-08-21,34.8,0.0
1329,2015-08-22,30.0,0.0
1330,2015-08-23,23.7,0.0
1331,2015-08-24,22.9,1.5
1332,2015-08-25,28.8,0.0
1333,2015-08-26,30.2,0.0
1334,2015-08-27,29.1,0.0
1335,2015-08-28,33.4,0.0
1336,2015-08-29,35.1,0.0
1337,2015-08-30,35.5,1.2
1338,2015-08-31,27.6,3.3
1339,2015-09-01,29.2,0.0
1340,2015-09-02,28.4,0.0
1341,2015-09-03,25.7,0.0
1342,2015-09-04,26.2,3.1
1343,2015-09-05,25.4,0.0
1344,2015-09-06,26.5,0.0
1345,2015-09-07,26.2,0.0
1346,2015-09-08,28.1,0.0
1347,2015-09-09,26.1,0.0
1348,2015-09-10,27.0,0.0
1349,2015-09-11,27.9,0.0
1350,2015-09-12,24.7,0.0
1351,2015-09-13,20.6,0.0
1352,2015-09-14,22.3,0.0
1353,2015-09-15,15.4,2.6
1354,2015-09-16,17.8,2.7
1355,2015-09-17,18.1,0.3
1356,2015-09-18,22.6,0.0
1357,2015-09-19,25.8,0.0
1358,2015-09-20,27.2,0.0
1359,2015-09-21,27.7,0.0
1360,2015-09-22,26.3,0.0
1361,2015-09-23,24.0,0.0
1362,2015-09-24,25.6,0.0
1363,2015-09-25,27.6,0.0
1364,2015-09-26,26.0,0.0
1365,2015-09-27,27.6,0.0
1366,2015-09-28,23.2,0.0
1367,2015-09-29,22.6,0.0
1368,2015-09-30,21.5,0.1
1369,2015-10-01,22.9,0.0
1370,2015-10-02,20.8,0.0
1371,2015-10-03,21.1,0.4
1372,2015-10-04,20.2,0.5
1373,2015-10-05,19.1,3.0
1374,2015-10-06,19.1,0.5
1375,2015-10-07,19.5,0.0
1376,2015-10-08,20.5,0.0
1377,2015-10-09,20.7,0.0
1378,2015-10-10,20.1,0.8
1379,2015-10-11,18.6,0.1
1380,2015-10-12,20.2,0.5
1381,2015-10-13,14.4,3.9
1382,2015-10-14,17.2,0.0
1383,2015-10-15,17.7,0.0
1384,2015-10-16,19.2,0.0
1385,2015-10-17,21.3,2.0
1386,2015-10-18,18.2,8.7
1387,2015-10-19,20.0,17.0
1388,2015-10-20,17.2,0.2
1389,2015-10-21,14.9,0.0
1390,2015-10-22,19.8,0.0
1391,2015-10-23,19.0,0.0
1392,2015-10-24,20.1,0.0
1393,2015-10-25,19.0,0.0
1394,2015-10-26,15.5,2.6
1395,2015-10-27,13.4,1.7
1396,2015-10-28,12.3,0.7
1397,2015-10-29,17.1,0.0
1398,2015-10-30,20.3,0.0
1399,2015-10-31,18.8,0.0
1400,2015-11-01,15.2,0.0
1401,2015-11-02,14.0,31.1
1402,2015-11-03,12.6,5.3
1403,2015-11-04,14.4,0.9
1404,2015-11-05,17.3,0.0
1405,2015-11-06,21.5,0.0
1406,2015-11-07,23.2,0.0
1407,2015-11-08,21.3,0.0
1408,2015-11-09,21.5,0.0
1409,2015-11-10,20.8,0.0
1410,2015-11-11,20.3,0.0
1411,2015-11-12,19.3,0.0
1412,2015-11-13,18.9,0.0
1413,2015-11-14,17.8,0.0
1414,2015-11-15,16.9,0.0
1415,2015-11-16,15.9,0.0
1416,2015-11-17,15.1,0.0
1417,2015-11-18,17.4,0.0
1418,2015-11-19,19.9,0.0
1419,2015-11-20,18.2,0.0
1420,2015-11-21,11.0,1.1
1421,2015-11-22,6.2,0.6
1422,2015-11-23,4.6,0.0
1423,2015-11-24,8.3,0.0
1424,2015-11-25,12.4,0.0
1425,2015-11-26,11.6,0.0
1426,2015-11-27,13.2,0.0
1427,2015-11-28,14.0,0.0
1428,2015-11-29,11.7,0.0
1429,2015-11-30,12.9,0.0
1430,2015-12-01,11.2,0.0
1431,2015-12-02,12.1,0.0
1432,2015-12-03,13.5,0.0
1433,2015-12-04,15.2,0.0
1434,2015-12-05,15.9,0.0
1435,2015-12-06,13.9,0.0
1436,2015-12-07,9.7,0.1
1437,2015-12-08,13.3,0.0
1438,2015-12-09,12.4,0.0
1439,2015-12-10,11.1,0.0
1440,2015-12-11,10.4,0.0
1441,2015-12-12,9.0,0.1
1442,2015-12-13,8.9,0.0
1443,2015-12-14,10.4,1.4
1444,2015-12-15,13.0,0.0
1445,2015-12-16,13.6,0.0
1446,2015-12-17,12.8,0.0
1447,2015-12-18,13.3,0.0
1448,2015-12-19,13.1,0.0
1449,2015-12-20,11.3,0.4
1450,2015-12-21,12.5,0.0
1451,2015-12-22,11.7,0.0
1452,2015-12-23,11.7,0.0
1453,2015-12-24,9.5,0.0
1454,2015-12-25,10.3,0.0
1455,2015-12-26,8.8,0.0
1456,2015-12-27,9.9,0.0
1457,2015-12-28,9.6,0.6
1458,2015-12-29,10.4,0.5
1459,2015-12-30,7.3,0.0
1460,2015-12-31,10.5,0.8
1461,2016-01-01,11.2,1.7
1462,2016-01-02,9.6,0.8
1463,2016-01-03,8.8,0.0
1464,2016-01-04,10.7,9.3
1465,2016-01-05,6.3,0.0
1466,2016-01-06,4.6,1.0
1467,2016-01-07,11.8,0.0
1468,2016-01-08,10.0,0.7
1469,2016-01-09,9.2,7.7
1470,2016-01-10,7.3,1.9
1471,2016-01-11,6.8,8.3
1472,2016-01-12,6.6,0.0
1473,2016-01-13,7.0,0.0
1474,2016-01-14,7.0,3.8
1475,2016-01-15,6.3,2.5
1476,2016-01-16,5.0,0.0
1477,2016-01-17,3.5,0.8
1478,2016-01-18,6.8,0.0
1479,2016-01-19,4.8,0.0
1480,2016-01-20,7.6,0.1
1481,2016-01-21,8.3,0.0
1482,2016-01-22,10.9,0.6
1483,2016-01-23,16.5,0.0
1484,2016-01-24,16.5,0.0
1485,2016-01-25,14.4,0.0
1486,2016-01-26,13.5,0.0
1487,2016-01-27,8.5,0.0
1488,2016-01-28,6.9,2.1
1489,2016-01-29,8.4,5.9
1490,2016-01-30,10.8,0.0
1491,2016-01-31,14.6,0.0
1492,2016-02-01,16.2,0.0
1493,2016-02-02,12.8,0.0
1494,2016-02-03,9.8,0.0
1495,2016-02-04,8.8,0.0
1496,2016-02-05,8.6,0.0
1497,2016-02-06,7.3,0.1
1498,2016-02-07,6.4,3.7
1499,2016-02-08,8.7,0.0
1500,2016-02-09,8.8,0.1
1501,2016-02-10,11.1,0.0
1502,2016-02-11,12.8,1.0
1503,2016-02-12,11.8,2.6
1504,2016-02-13,11.9,1.3
1505,2016-02-14,10.1,0.8
1506,2016-02-15,2.8,0.0
1507,2016-02-16,2.6,0.0
1508,2016-02-17,3.8,0.2
1509,2016-02-18,6.5,3.2
1510,2016-02-19,8.3,0.0
1511,2016-02-20,10.8,0.0
1512,2016-02-21,11.6,0.0
1513,2016-02-22,13.3,0.0
1514,2016-02-23,13.8,0.0
1515,2016-02-24,7.5,0.6
1516,2016-02-25,9.9,0.4
1517,2016-02-26,3.7,11.1
1518,2016-02-27,2.3,1.8
1519,2016-02-28,5.3,1.9
1520,2016-02-29,6.2,0.0
1521,2016-03-01,13.4,0.0
1522,2016-03-02,15.3,0.0
1523,2016-03-03,11.0,0.0
1524,2016-03-04,11.3,2.0
1525,2016-03-05,6.1,0.2
1526,2016-03-06,6.2,0.0
1527,2016-03-07,5.3,2.8
1528,2016-03-08,6.3,0.0
1529,2016-03-09,8.4,0.9
1530,2016-03-10,6.0,0.3
1531,2016-03-11,9.6,0.0
1532,2016-03-12,11.5,0.0
1533,2016-03-13,13.4,0.0
1534,2016-03-14,10.3,0.0
1535,2016-03-15,11.4,0.0
1536,2016-03-16,12.5,0.0
1537,2016-03-17,13.0,0.0
1538,2016-03-18,10.8,1.7
1539,2016-03-19,8.3,12.6
1540,2016-03-20,11.8,0.4
1541,2016-03-21,11.2,5.3
1542,2016-03-22,12.1,4.5
1543,2016-03-23,10.2,0.0
1544,2016-03-24,17.4,0.0
1545,2016-03-25,14.7,0.0
1546,2016-03-26,14.4,0.0
1547,2016-03-27,12.5,0.7
1548,2016-03-28,10.5,0.8
1549,2016-03-29,16.2,0.0
1550,2016-03-30,17.4,0.0
1551,2016-03-31,9.7,0.6
1552,2016-04-01,10.9,0.0
1553,2016-04-02,13.0,0.0
1554,2016-04-03,8.2,0.7
1555,2016-04-04,8.0,20.9
1556,2016-04-05,9.8,0.8
1557,2016-04-06,17.9,0.0
1558,2016-04-07,18.6,0.0
1559,2016-04-08,9.9,0.0
1560,2016-04-09,15.3,0.0
1561,2016-04-10,7.8,2.7
1562,2016-04-11,9.0,4.4
1563,2016-04-12,9.7,12.8
1564,2016-04-13,12.5,0.1
1565,2016-04-14,13.9,0.0
1566,2016-04-15,14.7,1.0
1567,2016-04-16,12.6,5.0
1568,2016-04-17,13.9,0.1
1569,2016-04-18,20.0,0.0
1570,2016-04-19,13.0,8.9
1571,2016-04-20,11.8,14.7
1572,2016-04-21,14.2,0.0
1573,2016-04-22,14.3,0.9
1574,2016-04-23,16.3,1.6
1575,2016-04-24,16.0,0.0
1576,2016-04-25,19.9,0.0
1577,2016-04-26,20.8,0.0
1578,2016-04-27,18.6,0.3
1579,2016-04-28,16.9,4.4
1580,2016-04-29,18.1,0.1
1581,2016-04-30,16.2,0.6
1582,2016-05-01,15.1,0.0
1583,2016-05-02,21.7,0.0
1584,2016-05-03,25.3,0.0
1585,2016-05-04,24.7,0.0
1586,2016-05-05,19.7,0.2
1587,2016-05-06,15.0,6.0
1588,2016-05-07,13.3,1.7
1589,2016-05-08,11.1,29.9
1590,2016-05-09,12.2,12.6
1591,2016-05-10,11.8,6.2
1592,2016-05-11,13.7,2.9
1593,2016-05-12,12.0,1.3
1594,2016-05-13,13.6,0.8
1595,2016-05-14,16.9,0.1
1596,2016-05-15,20.2,0.0
1597,2016-05-16,24.0,0.0
1598,2016-05-17,23.1,0.0
1599,2016-05-18,24.1,0.0
1600,2016-05-19,25.5,0.0
1601,2016-05-20,28.3,0.0
1602,2016-05-21,26.7,0.0
1603,2016-05-22,19.3,0.4
1604,2016-05-23,20.6,0.1
1605,2016-05-24,22.3,0.0
1606,2016-05-25,18.8,0.1
1607,2016-05-26,22.6,0.3
1608,2016-05-27,22.9,0.0
1609,2016-05-28,16.9,1.8
1610,2016-05-29,16.4,1.7
1611,2016-05-30,19.0,0.0
1612,2016-05-31,21.4,0.0
1613,2016-06-01,26.2,0.0
1614,2016-06-02,27.6,0.0
1615,2016-06-03,27.9,0.1
1616,2016-06-04,26.6,1.3
1617,2016-06-05,27.1,0.0
1618,2016-06-06,27.5,0.0
1619,2016-06-07,31.7,0.0
1620,2016-06-08,33.8,0.0
1621,2016-06-09,34.0,0.0
1622,2016-06-10,29.3,0.0
1623,2016-06-11,28.9,0.0
1624,2016-06-12,31.2,0.0
1625,2016-06-13,30.7,0.0
1626,2016-06-14,27.1,0.0
1627,2016-06-15,18.5,1.0
1628,2016-06-16,18.0,0.0
1629,2016-06-17,19.0,0.0
1630,2016-06-18,22.4,0.0
1631,2016-06-19,26.8,0.0
1632,2016-06-20,33.1,0.0
1633,2016-06-21,34.0,0.0
1634,2016-06-22,32.0,0.0
1635,2016-06-23,30.6,0.0
1636,2016-06-24,31.0,1.0
1637,2016-06-25,32.4,0.0
1638,2016-06-26,31.6,0.0
1639,2016-06-27,34.9,0.0
1640,2016-06-28,35.6,0.0
1641,2016-06-29,33.4,0.0
1642,2016-06-30,32.6,0.0
1643,2016-07-01,32.3,0.0
1644,2016-07-02,35.7,0.0
1645,2016-07-03,37.2,0.4
1646,2016-07-04,35.6,0.7
1647,2016-07-05,36.3,2.0
1648,2016-07-06,35.0,0.0
1649,2016-07-07,32.1,0.3
1650,2016-07-08,36.3,0.0
1651,2016-07-09,37.7,0.0
1652,2016-07-10,37.2,0.0
1653,2016-07-11,34.5,0.0
1654,2016-07-12,32.0,0.0
1655,2016-07-13,28.6,0.0
1656,2016-07-14,29.4,0.0
1657,2016-07-15,29.4,0.0
1658,2016-07-16,34.6,0.0
1659,2016-07-17,36.7,0.0
1660,2016-07-18,35.6,0.0
1661,2016-07-19,34.8,0.0
1662,2016-07-20,32.6,0.7
1663,2016-07-21,33.1,0.0
1664,2016-07-22,32.2,0.2
1665,2016-07-23,30.7,0.0
1666,2016-07-24,34.2,0.0
1667,2016-07-25,36.5,0.0
1668,2016-07-26,37.1,0.0
1669,2016-07-27,37.4,0.0
1670,2016-07-28,37.7,0.0
1671,2016-07-29,35.9,0.0
1672,2016-07-30,32.0,0.0
1673,2016-07-31,32.9,0.0
1674,2016-08-01,34.5,0.0
1675,2016-08-02,35.8,0.0
1676,2016-08-03,35.9,0.0
1677,2016-08-04,34.9,0.0
1678,2016-08-05,33.0,0.0
1679,2016-08-06,33.5,0.0
1680,2016-08-07,35.1,0.0
1681,2016-08-08,35.7,0.0
1682,2016-08-09,34.5,0.0
1683,2016-08-10,28.7,0.0
1684,2016-08-11,29.0,0.0
1685,2016-08-12,32.6,0.0
1686,2016-08-13,33.9,0.0
1687,2016-08-14,33.8,0.0
1688,2016-08-15,33.4,0.0
1689,2016-08-16,31.4,0.0
1690,2016-08-17,30.5,0.0
1691,2016-08-18,33.2,0.0
1692,2016-08-19,33.6,0.0
1693,2016-08-20,32.6,0.0
1694,2016-08-21,33.8,0.0
1695,2016-08-22,36.5,0.0
1696,2016-08-23,36.8,0.0
1697,2016-08-24,33.1,0.0
1698,2016-08-25,32.5,0.0
1699,2016-08-26,32.0,0.0
1700,2016-08-27,34.3,0.0
1701,2016-08-28,33.3,0.0
1702,2016-08-29,33.5,0.0
1703,2016-08-30,32.5,0.0
1704,2016-08-31,33.1,0.0
1705,2016-09-01,34.0,0.0
1706,2016-09-02,35.0,0.0
1707,2016-09-03,34.6,0.0
1708,2016-09-04,35.9,0.0
1709,2016-09-05,37.8,0.0
1710,2016-09-06,38.8,0.0
1711,2016-09-07,36.2,0.0
1712,2016-09-08,31.7,0.0
1713,2016-09-09,29.2,0.0
1714,2016-09-10,32.3,0.0
1715,2016-09-11,31.9,0.0
1716,2016-09-12,32.3,0.0
1717,2016-09-13,21.8,9.1
1718,2016-09-14,16.1,0.3
1719,2016-09-15,15.8,0.0
1720,2016-09-16,23.1,0.0
1721,2016-09-17,22.5,0.0
1722,2016-09-18,23.4,0.0
1723,2016-09-19,25.7,0.0
1724,2016-09-20,26.5,0.0
1725,2016-09-21,25.0,0.0
1726,2016-09-22,25.5,0.0
1727,2016-09-23,26.8,0.0
1728,2016-09-24,25.9,0.0
1729,2016-09-25,26.8,0.0
1730,2016-09-26,26.9,0.0
1731,2016-09-27,27.5,0.0
1732,2016-09-28,24.0,0.0
1733,2016-09-29,25.1,0.0
1734,2016-09-30,23.9,0.0
1735,2016-10-01,24.0,0.0
1736,2016-10-02,23.2,0.0
1737,2016-10-03,27.0,0.0
1738,2016-10-04,26.7,0.0
1739,2016-10-05,26.9,0.0
1740,2016-10-06,25.7,0.0
1741,2016-10-07,23.6,0.0
1742,2016-10-08,23.6,0.0
1743,2016-10-09,24.9,0.0
1744,2016-10-10,22.6,0.0
1745,2016-10-11,21.1,0.0
1746,2016-10-12,12.8,10.7
1747,2016-10-13,13.9,5.4
1748,2016-10-14,16.4,0.2
1749,2016-10-15,17.1,0.0
1750,2016-10-16,19.4,0.0
1751,2016-10-17,18.9,4.3
1752,2016-10-18,19.9,2.5
1753,2016-10-19,19.7,7.2
1754,2016-10-20,18.8,5.3
1755,2016-10-21,18.9,0.1
1756,2016-10-22,15.8,10.0
1757,2016-10-23,14.0,14.5
1758,2016-10-24,14.5,4.0
1759,2016-10-25,20.6,12.1
1760,2016-10-26,25.1,0.0
1761,2016-10-27,25.2,0.0
1762,2016-10-28,24.3,0.0
1763,2016-10-29,22.8,0.0
1764,2016-10-30,22.3,0.0
1765,2016-10-31,20.8,0.0
1766,2016-11-01,18.0,0.0
1767,2016-11-02,20.5,0.0
1768,2016-11-03,19.3,0.0
1769,2016-11-04,14.1,7.4
1770,2016-11-05,11.9,15.5
1771,2016-11-06,9.1,1.2
1772,2016-11-07,6.8,0.0
1773,2016-11-08,8.5,0.0
1774,2016-11-09,12.6,0.0
1775,2016-11-10,12.2,0.0
1776,2016-11-11,13.3,0.0
1777,2016-11-12,11.9,0.6
1778,2016-11-13,16.0,0.0
1779,2016-11-14,12.0,0.0
1780,2016-11-15,13.2,0.0
1781,2016-11-16,14.9,0.0
1782,2016-11-17,16.8,0.0
1783,2016-11-18,13.4,0.0
1784,2016-11-19,9.8,0.0
1785,2016-11-20,9.9,19.6
1786,2016-11-21,9.7,3.4
1787,2016-11-22,7.4,3.7
1788,2016-11-23,5.8,1.2
1789,2016-11-24,5.3,1.1
1790,2016-11-25,3.9,8.1
1791,2016-11-26,8.6,28.0
1792,2016-11-27,8.7,11.6
1793,2016-11-28,10.7,0.0
1794,2016-11-29,10.1,0.3
1795,2016-11-30,10.7,0.6
1796,2016-12-01,9.3,1.3
1797,2016-12-02,11.3,0.0
1798,2016-12-03,10.5,0.3
1799,2016-12-04,10.3,25.0
1800,2016-12-05,12.0,0.2
1801,2016-12-06,13.1,0.0
1802,2016-12-07,11.4,0.0
1803,2016-12-08,9.4,0.0
1804,2016-12-09,11.3,0.0
1805,2016-12-10,12.9,0.0
1806,2016-12-11,12.6,0.0
1807,2016-12-12,11.7,0.0
1808,2016-12-13,6.1,0.0
1809,2016-12-14,7.7,4.6
1810,2016-12-15,7.7,2.4
1811,2016-12-16,6.1,10.4
1812,2016-12-17,8.0,2.8
1813,2016-12-18,6.7,0.0
1814,2016-12-19,7.4,0.2
1815,2016-12-20,7.5,0.0
1816,2016-12-21,9.9,0.0
1817,2016-12-22,10.9,0.0
1818,2016-12-23,12.1,0.0
1819,2016-12-24,10.4,0.0
1820,2016-12-25,10.1,0.0
1821,2016-12-26,12.1,0.0
1822,2016-12-27,12.3,0.0
1823,2016-12-28,12.4,0.0
1824,2016-12-29,11.5,0.0
1825,2016-12-30,8.8,0.0
1826,2016-12-31,3.8,0.0
1827,2017-01-01,0.3,0.0
1828,2017-01-02,3.9,0.0
1829,2017-01-03,8.5,0.0
1830,2017-01-04,11.3,0.0
1831,2017-01-05,12.0,0.0
1832,2017-01-06,7.7,0.0
1833,2017-01-07,8.8,0.0
1834,2017-01-08,10.6,0.0
1835,2017-01-09,9.7,0.0
1836,2017-01-10,9.3,0.0
1837,2017-01-11,14.1,0.0
1838,2017-01-12,11.8,0.0
1839,2017-01-13,5.4,0.0
1840,2017-01-14,3.5,0.0
1841,2017-01-15,5.1,0.0
1842,2017-01-16,7.4,0.0
1843,2017-01-17,4.6,0.0
1844,2017-01-18,0.2,0.0
1845,2017-01-19,1.1,0.2
1846,2017-01-20,2.6,0.9
1847,2017-01-21,7.7,0.3
1848,2017-01-22,6.7,0.0
1849,2017-01-23,8.1,0.0
1850,2017-01-24,9.5,0.0
1851,2017-01-25,7.7,0.0
1852,2017-01-26,4.5,0.2
1853,2017-01-27,4.4,15.5
1854,2017-01-28,7.3,0.0
1855,2017-01-29,7.3,1.1
1856,2017-01-30,9.9,0.0
1857,2017-01-31,12.9,0.0
1858,2017-02-01,8.5,0.0
1859,2017-02-02,8.0,4.0
1860,2017-02-03,7.5,0.8
1861,2017-02-04,9.6,0.6
1862,2017-02-05,7.0,3.2
1863,2017-02-06,11.9,0.0
1864,2017-02-07,10.8,1.5
1865,2017-02-08,5.7,0.0
1866,2017-02-09,6.8,0.0
1867,2017-02-10,4.4,1.1
1868,2017-02-11,4.1,9.7
1869,2017-02-12,8.1,18.0
1870,2017-02-13,7.5,20.0
1871,2017-02-14,9.6,0.0
1872,2017-02-15,12.2,0.0
1873,2017-02-16,10.2,0.0
1874,2017-02-17,13.3,0.0
1875,2017-02-18,11.6,0.0
1876,2017-02-19,11.1,0.0
1877,2017-02-20,11.7,0.0
1878,2017-02-21,13.1,0.0
1879,2017-02-22,16.4,0.0
1880,2017-02-23,15.2,0.1
1881,2017-02-24,13.7,0.0
1882,2017-02-25,15.9,0.0
1883,2017-02-26,13.4,0.0
1884,2017-02-27,10.8,0.0
1885,2017-02-28,9.6,0.0
1886,2017-03-01,12.6,0.0
1887,2017-03-02,14.4,0.0
1888,2017-03-03,8.7,4.9
1889,2017-03-04,6.7,0.0
1890,2017-03-05,11.3,0.0
1891,2017-03-06,16.4,0.0
1892,2017-03-07,17.0,0.0
1893,2017-03-08,21.4,0.0
1894,2017-03-09,23.0,0.0
1895,2017-03-10,23.9,0.0
1896,2017-03-11,21.4,0.0
1897,2017-03-12,14.5,0.3
1898,2017-03-13,8.5,0.7
1899,2017-03-14,16.2,0.0
1900,2017-03-15,18.1,0.0
1901,2017-03-16,16.1,0.0
1902,2017-03-17,16.8,0.0
1903,2017-03-18,19.8,0.0
1904,2017-03-19,22.4,0.0
1905,2017-03-20,22.3,0.0
1906,2017-03-21,13.8,0.0
1907,2017-03-22,7.4,3.7
1908,2017-03-23,2.9,0.8
1909,2017-03-24,7.8,1.0
1910,2017-03-25,5.9,1.1
1911,2017-03-26,11.2,4.3
1912,2017-03-27,10.3,4.8
1913,2017-03-28,15.2,0.0
1914,2017-03-29,18.6,0.0
1915,2017-03-30,19.2,0.0
1916,2017-03-31,14.9,0.0
1917,2017-04-01,13.2,0.0
1918,2017-04-02,16.4,0.0
1919,2017-04-03,18.6,0.0
1920,2017-04-04,20.1,0.0
1921,2017-04-05,15.2,0.0
1922,2017-04-06,19.5,0.0
1923,2017-04-07,21.5,0.0
1924,2017-04-08,22.1,0.0
1925,2017-04-09,21.9,0.0
1926,2017-04-10,23.7,0.0
1927,2017-04-11,25.8,0.0
1928,2017-04-12,26.8,0.0
1929,2017-04-13,24.5,0.0
1930,2017-04-14,22.4,0.0
1931,2017-04-15,24.7,0.0
1932,2017-04-16,24.4,0.0
1933,2017-04-17,26.0,0.2
1934,2017-04-18,26.0,0.0
1935,2017-04-19,23.0,0.7
1936,2017-04-20,15.8,4.4
1937,2017-04-21,18.4,0.0
1938,2017-04-22,18.5,0.0
1939,2017-04-23,24.1,0.0
1940,2017-04-24,24.5,0.0
1941,2017-04-25,19.1,0.7
1942,2017-04-26,15.9,0.9
1943,2017-04-27,13.0,0.4
1944,2017-04-28,14.4,0.0
1945,2017-04-29,11.7,5.2
1946,2017-04-30,9.8,1.3
1947,2017-05-01,17.4,0.0
1948,2017-05-02,22.1,0.0
1949,2017-05-03,25.8,0.0
1950,2017-05-04,24.0,0.0
1951,2017-05-05,18.4,3.5
1952,2017-05-06,18.8,0.0
1953,2017-05-07,26.2,0.0
1954,2017-05-08,28.1,0.0
1955,2017-05-09,25.8,0.2
1956,2017-05-10,19.5,3.8
1957,2017-05-11,12.5,6.8
1958,2017-05-12,13.2,0.6
1959,2017-05-13,17.4,0.1
1960,2017-05-14,20.9,0.0
1961,2017-05-15,26.0,0.0
1962,2017-05-16,29.5,0.0
1963,2017-05-17,26.5,0.0
1964,2017-05-18,17.0,8.9
1965,2017-05-19,21.2,0.0
1966,2017-05-20,25.8,0.0
1967,2017-05-21,22.4,0.0
1968,2017-05-22,29.8,0.0
1969,2017-05-23,31.4,0.0
1970,2017-05-24,31.8,0.0
1971,2017-05-25,32.3,0.0
1972,2017-05-26,32.4,0.1
1973,2017-05-27,31.8,0.0
1974,2017-05-28,25.4,0.1
1975,2017-05-29,24.5,5.6
1976,2017-05-30,26.6,0.3
1977,2017-05-31,28.7,0.0
1978,2017-06-01,31.0,0.0
1979,2017-06-02,31.9,0.1
1980,2017-06-03,29.0,0.9
1981,2017-06-04,25.7,4.8
1982,2017-06-05,25.4,0.0
1983,2017-06-06,28.2,0.0
1984,2017-06-07,32.1,0.0
1985,2017-06-08,32.0,0.0
1986,2017-06-09,31.5,0.0
1987,2017-06-10,35.0,0.0
1988,2017-06-11,37.3,0.0
1989,2017-06-12,37.6,0.0
1990,2017-06-13,35.9,0.0
1991,2017-06-14,36.6,0.0
1992,2017-06-15,39.3,0.8
1993,2017-06-16,40.1,0.2
1994,2017-06-17,39.7,0.0
1995,2017-06-18,38.6,0.0
1996,2017-06-19,32.7,1.3
1997,2017-06-20,34.1,0.9
1998,2017-06-21,36.9,0.0
1999,2017-06-22,37.0,0.0
2000,2017-06-23,32.7,0.0
2001,2017-06-24,33.0,0.0
2002,2017-06-25,31.2,2.9
2003,2017-06-26,28.6,0.0
2004,2017-06-27,26.0,0.0
2005,2017-06-28,22.0,0.4
2006,2017-06-29,18.5,0.5
2007,2017-06-30,19.8,0.0
2008,2017-07-01,22.9,0.0
2009,2017-07-02,29.8,0.0
2010,2017-07-03,33.9,0.0
2011,2017-07-04,33.4,0.0
2012,2017-07-05,33.7,0.0
2013,2017-07-06,27.4,12.8
2014,2017-07-07,23.6,26.6
2015,2017-07-08,25.6,0.7
2016,2017-07-09,32.0,0.0
2017,2017-07-10,30.2,0.0
2018,2017-07-11,32.6,0.0
2019,2017-07-12,36.0,0.0
2020,2017-07-13,38.8,0.0
2021,2017-07-14,37.9,0.0
2022,2017-07-15,37.6,0.0
2023,2017-07-16,37.6,0.0
2024,2017-07-17,33.6,0.0
2025,2017-07-18,33.8,0.6
2026,2017-07-19,30.0,0.0
2027,2017-07-20,31.4,0.0
2028,2017-07-21,29.0,0.0
2029,2017-07-22,29.9,0.0
2030,2017-07-23,32.4,0.0
2031,2017-07-24,33.1,0.0
2032,2017-07-25,31.2,0.0
2033,2017-07-26,34.6,0.0
2034,2017-07-27,35.8,0.0
2035,2017-07-28,35.3,0.0
2036,2017-07-29,36.0,0.0
2037,2017-07-30,34.0,0.0
2038,2017-07-31,30.3,0.0
2039,2017-08-01,30.5,0.0
2040,2017-08-02,33.9,0.0
2041,2017-08-03,35.3,0.0
2042,2017-08-04,39.4,0.0
2043,2017-08-05,38.1,0.0
2044,2017-08-06,34.8,0.0
2045,2017-08-07,30.8,0.0
2046,2017-08-08,28.8,0.0
2047,2017-08-09,28.1,0.0
2048,2017-08-10,26.2,0.0
2049,2017-08-11,29.2,0.0
2050,2017-08-12,31.6,0.0
2051,2017-08-13,33.7,0.0
2052,2017-08-14,34.2,0.0
2053,2017-08-15,32.8,0.0
2054,2017-08-16,34.7,0.0
2055,2017-08-17,36.6,0.0
2056,2017-08-18,37.2,0.0
2057,2017-08-19,36.5,0.0
2058,2017-08-20,36.7,0.0
2059,2017-08-21,37.3,0.0
2060,2017-08-22,36.3,0.0
2061,2017-08-23,34.7,0.0
2062,2017-08-24,31.9,0.0
2063,2017-08-25,31.7,0.0
2064,2017-08-26,29.3,0.0
2065,2017-08-27,27.1,9.2
2066,2017-08-28,23.1,32.8
2067,2017-08-29,26.2,1.1
2068,2017-08-30,25.4,2.8
2069,2017-08-31,27.6,0.0
2070,2017-09-01,28.4,0.0
2071,2017-09-02,26.7,0.0
2072,2017-09-03,29.3,0.0
2073,2017-09-04,30.5,0.0
2074,2017-09-05,32.3,0.0
2075,2017-09-06,33.5,0.0
2076,2017-09-07,28.9,0.0
2077,2017-09-08,28.5,0.0
2078,2017-09-09,20.8,0.0
2079,2017-09-10,22.8,0.0
2080,2017-09-11,28.7,0.0
2081,2017-09-12,26.5,0.0
2082,2017-09-13,28.9,0.0
2083,2017-09-14,29.8,0.0
2084,2017-09-15,19.2,0.0
2085,2017-09-16,18.3,0.0
2086,2017-09-17,20.4,0.0
2087,2017-09-18,21.1,0.0
2088,2017-09-19,26.2,0.0
2089,2017-09-20,26.1,0.0
2090,2017-09-21,26.9,0.0
2091,2017-09-22,26.0,0.0
2092,2017-09-23,26.9,0.0
2093,2017-09-24,27.6,0.0
2094,2017-09-25,26.1,0.0
2095,2017-09-26,25.2,0.0
2096,2017-09-27,25.5,0.0
2097,2017-09-28,27.6,0.0
2098,2017-09-29,28.2,0.0
2099,2017-09-30,27.0,0.0
2100,2017-10-01,25.6,0.0
2101,2017-10-02,28.9,0.0
2102,2017-10-03,30.3,0.0
2103,2017-10-04,29.6,0.0
2104,2017-10-05,30.8,0.0
2105,2017-10-06,27.2,0.0
2106,2017-10-07,22.9,0.0
2107,2017-10-08,26.2,0.0
2108,2017-10-09,25.1,0.0
2109,2017-10-10,25.2,0.0
2110,2017-10-11,24.7,0.0
2111,2017-10-12,26.2,0.0
2112,2017-10-13,26.5,0.0
2113,2017-10-14,26.3,0.0
2114,2017-10-15,27.2,0.0
2115,2017-10-16,24.7,0.0
2116,2017-10-17,17.2,3.0
2117,2017-10-18,15.0,9.0
2118,2017-10-19,16.0,0.0
2119,2017-10-20,20.6,0.0
2120,2017-10-21,21.5,0.1
2121,2017-10-22,18.2,0.0
2122,2017-10-23,19.9,0.0
2123,2017-10-24,22.5,0.0
2124,2017-10-25,24.0,0.0
2125,2017-10-26,24.8,0.0
2126,2017-10-27,25.4,0.0
2127,2017-10-28,21.1,0.0
2128,2017-10-29,20.4,0.0
2129,2017-10-30,18.5,0.0
2130,2017-10-31,18.3,0.0
2131,2017-11-01,19.0,0.0
2132,2017-11-02,16.8,0.0
2133,2017-11-03,15.9,0.4
2134,2017-11-04,14.0,2.2
2135,2017-11-05,12.1,0.0
2136,2017-11-06,11.3,0.0
2137,2017-11-07,15.1,0.0
2138,2017-11-08,10.3,0.0
2139,2017-11-09,7.8,0.0
2140,2017-11-10,13.0,0.0
2141,2017-11-11,16.4,0.0
2142,2017-11-12,16.6,0.0
2143,2017-11-13,8.8,0.0
2144,2017-11-14,13.0,0.0
2145,2017-11-15,12.6,0.0
2146,2017-11-16,17.1,0.0
2147,2017-11-17,17.0,0.0
2148,2017-11-18,17.0,0.0
2149,2017-11-19,15.6,0.0
2150,2017-11-20,15.0,0.0
2151,2017-11-21,14.7,0.0
2152,2017-11-22,13.2,0.0
2153,2017-11-23,13.4,0.5
2154,2017-11-24,13.7,0.4
2155,2017-11-25,13.8,0.7
2156,2017-11-26,9.3,0.0
2157,2017-11-27,8.6,0.0
2158,2017-11-28,6.1,1.2
2159,2017-11-29,7.3,2.3
2160,2017-11-30,5.0,0.0
2161,2017-12-01,2.8,0.5
2162,2017-12-02,2.3,0.0
2163,2017-12-03,4.4,0.0
2164,2017-12-04,7.2,0.0
2165,2017-12-05,7.7,0.0
2166,2017-12-06,6.2,0.0
2167,2017-12-07,6.8,0.0
2168,2017-12-08,11.2,0.0
2169,2017-12-09,12.1,0.0
2170,2017-12-10,8.9,0.9
2171,2017-12-11,6.4,17.7
2172,2017-12-12,5.8,0.0
2173,2017-12-13,5.6,0.0
2174,2017-12-14,8.8,0.0
2175,2017-12-15,9.2,0.8
2176,2017-12-16,5.7,0.0
2177,2017-12-17,5.7,0.0
2178,2017-12-18,9.0,0.0
2179,2017-12-19,9.6,0.0
2180,2017-12-20,11.1,0.0
2181,2017-12-21,12.9,0.0
2182,2017-12-22,13.0,0.0
2183,2017-12-23,10.0,0.0
2184,2017-12-24,9.3,0.0
2185,2017-12-25,3.5,0.3
2186,2017-12-26,4.4,1.3
2187,2017-12-27,5.1,3.3
2188,2017-12-28,12.3,1.5
2189,2017-12-29,14.6,0.0
2190,2017-12-30,13.8,0.0
2191,2017-12-31,6.7,0.6
2192,2018-01-01,7.5,0.0
2193,2018-01-02,11.5,0.0
2194,2018-01-03,13.7,0.0
2195,2018-01-04,12.7,0.0
2196,2018-01-05,7.3,4.5
2197,2018-01-06,6.7,23.3
2198,2018-01-07,0.9,10.0
2199,2018-01-08,5.4,0.0
2200,2018-01-09,0.7,3.6
2201,2018-01-10,4.3,2.2
2202,2018-01-11,4.1,0.0
2203,2018-01-12,6.1,0.0
2204,2018-01-13,2.9,3.4
2205,2018-01-14,4.2,0.0
2206,2018-01-15,6.3,0.0
2207,2018-01-16,12.2,0.0
2208,2018-01-17,12.0,0.0
2209,2018-01-18,13.0,0.0
2210,2018-01-19,12.8,0.0
2211,2018-01-20,11.6,0.0
2212,2018-01-21,13.8,0.0
2213,2018-01-22,14.6,0.0
2214,2018-01-23,13.6,0.0
2215,2018-01-24,11.7,0.0
2216,2018-01-25,6.7,7.2
2217,2018-01-26,4.4,0.2
2218,2018-01-27,4.6,0.0
2219,2018-01-28,8.0,0.0
2220,2018-01-29,11.5,0.0
2221,2018-01-30,10.9,0.0
2222,2018-01-31,11.5,0.0
2223,2018-02-01,6.4,0.0
2224,2018-02-02,1.7,0.0
2225,2018-02-03,5.9,0.0
2226,2018-02-04,2.9,7.5
2227,2018-02-05,-0.3,6.0
2228,2018-02-06,0.9,0.0
2229,2018-02-07,1.0,0.0
2230,2018-02-08,2.0,0.0
2231,2018-02-09,5.4,0.0
2232,2018-02-10,4.9,0.0
2233,2018-02-11,11.2,0.0
2234,2018-02-12,7.6,0.0
2235,2018-02-13,4.7,0.0
2236,2018-02-14,7.8,0.0
2237,2018-02-15,12.0,0.0
2238,2018-02-16,14.1,0.0
2239,2018-02-17,11.6,0.0
2240,2018-02-18,10.1,0.0
2241,2018-02-19,11.6,0.0
2242,2018-02-20,9.8,0.0
2243,2018-02-21,5.3,0.0
2244,2018-02-22,6.9,0.0
2245,2018-02-23,7.1,0.0
2246,2018-02-24,8.2,0.0
2247,2018-02-25,11.3,0.0
2248,2018-02-26,14.2,0.0
2249,2018-02-27,2.1,5.0
2250,2018-02-28,7.3,17.2
2251,2018-03-01,8.5,15.6
2252,2018-03-02,7.4,5.5
2253,2018-03-03,7.2,6.6
2254,2018-03-04,10.4,5.6
2255,2018-03-05,5.7,5.8
2256,2018-03-06,7.1,1.0
2257,2018-03-07,8.4,0.0
2258,2018-03-08,9.6,3.5
2259,2018-03-09,9.8,7.4
2260,2018-03-10,10.0,12.1
2261,2018-03-11,5.5,1.7
2262,2018-03-12,8.5,0.2
2263,2018-03-13,12.2,2.7
2264,2018-03-14,8.6,17.5
2265,2018-03-15,6.4,0.4
2266,2018-03-16,6.4,0.1
2267,2018-03-17,5.5,10.6
2268,2018-03-18,8.7,0.0
2269,2018-03-19,4.9,4.0
2270,2018-03-20,1.9,0.1
2271,2018-03-21,6.3,0.0
2272,2018-03-22,10.0,0.0
2273,2018-03-23,10.0,3.3
2274,2018-03-24,5.4,1.9
2275,2018-03-25,10.2,0.0
2276,2018-03-26,11.8,0.0
2277,2018-03-27,19.5,0.0
2278,2018-03-28,18.4,0.0
2279,2018-03-29,11.9,0.0
2280,2018-03-30,6.8,2.7
2281,2018-03-31,9.3,0.1
2282,2018-04-01,14.5,0.0
2283,2018-04-02,15.0,0.0
2284,2018-04-03,10.5,0.1
2285,2018-04-04,11.0,0.0
2286,2018-04-05,16.6,0.0
2287,2018-04-06,14.8,12.4
2288,2018-04-07,11.0,2.0
2289,2018-04-08,10.1,0.1
2290,2018-04-09,6.1,6.6
2291,2018-04-10,4.0,16.0
2292,2018-04-11,6.2,0.6
2293,2018-04-12,7.2,4.8
2294,2018-04-13,10.8,3.8
2295,2018-04-14,15.0,0.0
2296,2018-04-15,14.3,3.0
2297,2018-04-16,15.9,4.8
2298,2018-04-17,21.3,0.0
2299,2018-04-18,24.4,0.0
2300,2018-04-19,22.9,0.0
2301,2018-04-20,18.3,0.0
2302,2018-04-21,18.5,0.0
2303,2018-04-22,22.6,0.0
2304,2018-04-23,23.5,0.0
2305,2018-04-24,23.9,0.0
2306,2018-04-25,27.2,0.0
2307,2018-04-26,25.8,0.0
2308,2018-04-27,21.9,0.0
2309,2018-04-28,13.6,0.0
2310,2018-04-29,7.8,1.7
2311,2018-04-30,9.0,3.2
2312,2018-05-01,14.1,0.0
2313,2018-05-02,16.3,0.0
2314,2018-05-03,15.1,0.2
2315,2018-05-04,18.9,0.0
2316,2018-05-05,24.7,0.0
2317,2018-05-06,24.4,0.2
2318,2018-05-07,24.1,1.0
2319,2018-05-08,26.4,3.5
2320,2018-05-09,26.0,0.0
2321,2018-05-10,24.6,0.0
2322,2018-05-11,23.3,0.0
2323,2018-05-12,17.1,0.0
2324,2018-05-13,14.9,0.0
2325,2018-05-14,16.1,0.0
2326,2018-05-15,22.2,0.0
2327,2018-05-16,24.3,0.0
2328,2018-05-17,24.5,0.0
2329,2018-05-18,21.0,0.1
2330,2018-05-19,24.0,0.1
2331,2018-05-20,21.9,0.7
2332,2018-05-21,22.2,0.0
2333,2018-05-22,24.3,0.1
2334,2018-05-23,26.3,0.2
2335,2018-05-24,25.9,1.6
2336,2018-05-25,18.3,14.4
2337,2018-05-26,20.2,0.3
2338,2018-05-27,24.6,0.0
2339,2018-05-28,18.8,8.2
2340,2018-05-29,19.7,1.4
2341,2018-05-30,17.8,2.0
2342,2018-05-31,22.0,0.0
2343,2018-06-01,23.3,0.3
2344,2018-06-02,24.8,10.8
2345,2018-06-03,23.3,0.1
2346,2018-06-04,16.7,0.1
2347,2018-06-05,16.8,1.9
2348,2018-06-06,19.4,4.8
2349,2018-06-07,22.5,0.0
2350,2018-06-08,17.7,2.2
2351,2018-06-09,17.9,0.7
2352,2018-06-10,17.4,0.2
2353,2018-06-11,18.7,0.2
2354,2018-06-12,23.8,0.0
2355,2018-06-13,24.8,0.0
2356,2018-06-14,27.1,0.0
2357,2018-06-15,31.5,0.0
2358,2018-06-16,32.6,0.0
2359,2018-06-17,32.1,0.0
2360,2018-06-18,32.1,0.0
2361,2018-06-19,34.0,0.0
2362,2018-06-20,34.8,0.0
2363,2018-06-21,33.0,0.0
2364,2018-06-22,34.3,0.0
2365,2018-06-23,36.7,0.0
2366,2018-06-24,37.6,0.0
2367,2018-06-25,38.0,0.5
2368,2018-06-26,37.2,0.0
2369,2018-06-27,32.3,0.0
2370,2018-06-28,29.7,0.0
2371,2018-06-29,31.7,0.0
2372,2018-06-30,24.9,3.5
2373,2018-07-01,25.9,0.0
2374,2018-07-02,26.4,0.0
2375,2018-07-03,29.7,0.0
2376,2018-07-04,25.0,0.0
2377,2018-07-05,29.5,0.0
2378,2018-07-06,32.1,0.0
2379,2018-07-07,33.0,0.1
2380,2018-07-08,35.2,0.0
2381,2018-07-09,35.1,0.0
2382,2018-07-10,35.3,0.0
2383,2018-07-11,31.7,0.0
2384,2018-07-12,33.9,0.0
2385,2018-07-13,33.6,0.0
2386,2018-07-14,31.2,0.0
2387,2018-07-15,27.8,0.0
2388,2018-07-16,29.7,0.0
2389,2018-07-17,33.5,0.0
2390,2018-07-18,30.9,0.0
2391,2018-07-19,30.6,0.0
2392,2018-07-20,30.7,0.2
2393,2018-07-21,29.9,0.0
2394,2018-07-22,32.8,0.0
2395,2018-07-23,34.3,0.0
2396,2018-07-24,31.8,0.0
2397,2018-07-25,33.5,0.0
2398,2018-07-26,32.9,0.0
2399,2018-07-27,32.3,0.0
2400,2018-07-28,30.8,0.0
2401,2018-07-29,31.7,0.0
2402,2018-07-30,32.8,0.0
2403,2018-07-31,34.4,0.0
2404,2018-08-01,37.3,0.0
2405,2018-08-02,39.5,0.0
2406,2018-08-03,40.4,0.1
2407,2018-08-04,38.8,0.0
2408,2018-08-05,39.2,0.0
2409,2018-08-06,40.0,0.2
2410,2018-08-07,33.5,0.0
2411,2018-08-08,32.0,0.0
2412,2018-08-09,30.1,0.0
2413,2018-08-10,32.8,0.0
2414,2018-08-11,34.4,0.0
2415,2018-08-12,34.0,0.0
2416,2018-08-13,33.3,0.0
2417,2018-08-14,34.1,0.0
2418,2018-08-15,33.6,0.2
2419,2018-08-16,32.7,1.5
2420,2018-08-17,32.6,0.0
2421,2018-08-18,32.5,0.1
2422,2018-08-19,32.7,0.0
2423,2018-08-20,34.1,0.0
2424,2018-08-21,33.7,0.0
2425,2018-08-22,33.1,0.0
2426,2018-08-23,34.3,1.6
2427,2018-08-24,33.1,0.0
2428,2018-08-25,31.2,0.0
2429,2018-08-26,31.7,0.0
2430,2018-08-27,33.6,0.0
2431,2018-08-28,31.7,0.0
2432,2018-08-29,32.1,0.0
2433,2018-08-30,32.5,0.0
2434,2018-08-31,35.5,0.0
2435,2018-09-01,35.3,0.0
2436,2018-09-02,35.0,0.0
2437,2018-09-03,31.5,0.0
2438,2018-09-04,29.6,0.0
2439,2018-09-05,26.0,0.0
2440,2018-09-06,26.4,1.0
2441,2018-09-07,29.1,0.0
2442,2018-09-08,25.9,2.3
2443,2018-09-09,28.4,0.0
2444,2018-09-10,28.9,0.0
2445,2018-09-11,28.6,0.0
2446,2018-09-12,31.4,0.0
2447,2018-09-13,33.8,0.0
2448,2018-09-14,33.2,0.0
2449,2018-09-15,30.7,0.2
2450,2018-09-16,31.4,0.0
2451,2018-09-17,31.2,0.9
2452,2018-09-18,31.0,0.2
2453,2018-09-19,31.1,0.0
2454,2018-09-20,31.5,0.0
2455,2018-09-21,32.1,0.0
2456,2018-09-22,33.1,0.0
2457,2018-09-23,33.8,0.0
2458,2018-09-24,33.4,0.0
2459,2018-09-25,31.4,0.0
2460,2018-09-26,25.6,4.7
2461,2018-09-27,27.6,0.0
2462,2018-09-28,28.2,0.0
2463,2018-09-29,28.9,0.0
2464,2018-09-30,29.0,0.0
2465,2018-10-01,23.0,0.0
2466,2018-10-02,22.4,0.0
2467,2018-10-03,26.3,0.0
2468,2018-10-04,26.2,0.0
2469,2018-10-05,26.0,0.0
2470,2018-10-06,24.9,0.0
2471,2018-10-07,17.4,0.0
2472,2018-10-08,17.5,0.0
2473,2018-10-09,17.4,1.5
2474,2018-10-10,18.5,4.3
2475,2018-10-11,19.6,1.4
2476,2018-10-12,21.8,0.4
2477,2018-10-13,25.1,0.0
2478,2018-10-14,16.3,5.6
2479,2018-10-15,12.1,0.5
2480,2018-10-16,20.4,0.0
2481,2018-10-17,19.8,0.0
2482,2018-10-18,17.5,2.7
2483,2018-10-19,14.9,44.2
2484,2018-10-20,20.0,1.9
2485,2018-10-21,20.8,0.2
2486,2018-10-22,22.5,0.0
2487,2018-10-23,21.5,0.0
2488,2018-10-24,23.7,0.0
2489,2018-10-25,21.8,0.0
2490,2018-10-26,16.8,0.2
2491,2018-10-27,12.8,3.4
2492,2018-10-28,4.8,0.0
2493,2018-10-29,5.4,0.8
2494,2018-10-30,7.5,20.3
2495,2018-10-31,8.2,5.4
2496,2018-11-01,11.8,0.0
2497,2018-11-02,17.1,0.0
2498,2018-11-03,15.4,0.0
2499,2018-11-04,13.1,0.0
2500,2018-11-05,9.1,14.4
2501,2018-11-06,7.7,0.0
2502,2018-11-07,12.1,1.8
2503,2018-11-08,10.5,1.2
2504,2018-11-09,9.9,0.8
2505,2018-11-10,11.2,0.1
2506,2018-11-11,14.2,0.6
2507,2018-11-12,12.9,5.9
2508,2018-11-13,16.7,0.0
2509,2018-11-14,15.2,0.0
2510,2018-11-15,15.5,0.5
2511,2018-11-16,14.4,4.1
2512,2018-11-17,15.8,0.6
2513,2018-11-18,10.1,10.3
2514,2018-11-19,11.8,6.3
2515,2018-11-20,8.7,1.5
2516,2018-11-21,7.4,0.1
2517,2018-11-22,9.1,0.6
2518,2018-11-23,8.6,3.0
2519,2018-11-24,6.6,0.8
2520,2018-11-25,12.9,4.3
2521,2018-11-26,9.1,0.7
2522,2018-11-27,10.2,0.0
2523,2018-11-28,10.3,0.0
2524,2018-11-29,8.9,2.5
2525,2018-11-30,8.7,1.3
2526,2018-12-01,10.1,0.0
2527,2018-12-02,9.6,0.0
2528,2018-12-03,9.9,0.0
2529,2018-12-04,14.8,0.0
2530,2018-12-05,15.2,0.0
2531,2018-12-06,15.6,0.0
2532,2018-12-07,12.0,0.0
2533,2018-12-08,13.5,0.0
2534,2018-12-09,16.8,0.0
2535,2018-12-10,14.1,0.0
2536,2018-12-11,10.7,0.0
2537,2018-12-12,6.9,0.0
2538,2018-12-13,6.1,4.9
2539,2018-12-14,7.3,0.0
2540,2018-12-15,7.9,1.2
2541,2018-12-16,9.3,3.2
2542,2018-12-17,7.0,0.0
2543,2018-12-18,5.6,0.1
2544,2018-12-19,7.4,0.0
2545,2018-12-20,9.7,0.1
2546,2018-12-21,7.2,0.0
2547,2018-12-22,8.9,0.0
2548,2018-12-23,9.0,0.0
2549,2018-12-24,12.7,0.0
2550,2018-12-25,11.3,0.0
2551,2018-12-26,10.5,0.0
2552,2018-12-27,9.0,0.0
2553,2018-12-28,9.3,0.0
2554,2018-12-29,10.4,0.0
2555,2018-12-30,12.5,0.0
2556,2018-12-31,12.3,0.0
2557,2019-01-01,11.2,0.0
2558,2019-01-02,11.0,0.0
2559,2019-01-03,9.3,0.0
2560,2019-01-04,10.8,0.0
2561,2019-01-05,11.4,0.0
2562,2019-01-06,11.8,0.0
2563,2019-01-07,12.1,0.0
2564,2019-01-08,11.3,0.0
2565,2019-01-09,9.5,0.0
2566,2019-01-10,5.5,0.0
2567,2019-01-11,4.4,0.0
2568,2019-01-12,8.2,0.0
2569,2019-01-13,9.5,0.0
2570,2019-01-14,12.7,0.0
2571,2019-01-15,10.3,0.0
2572,2019-01-16,6.3,0.0
2573,2019-01-17,5.9,0.0
2574,2019-01-18,4.5,0.2
2575,2019-01-19,2.3,3.0
2576,2019-01-20,6.1,1.8
2577,2019-01-21,5.4,0.0
2578,2019-01-22,3.9,0.5
2579,2019-01-23,9.2,0.0
2580,2019-01-24,11.5,0.0
2581,2019-01-25,12.0,0.0
2582,2019-01-26,11.9,0.0
2583,2019-01-27,6.4,0.0
2584,2019-01-28,8.7,0.0
2585,2019-01-29,6.9,0.2
2586,2019-01-30,5.9,2.6
2587,2019-01-31,8.5,1.6
2588,2019-02-01,6.4,5.1
2589,2019-02-02,1.8,0.2
2590,2019-02-03,2.9,0.0
2591,2019-02-04,9.7,0.0
2592,2019-02-05,13.8,0.0
2593,2019-02-06,13.3,0.0
2594,2019-02-07,13.9,0.0
2595,2019-02-08,11.8,0.0
2596,2019-02-09,10.4,0.0
2597,2019-02-10,10.0,0.0
2598,2019-02-11,10.6,0.0
2599,2019-02-12,11.5,0.0
2600,2019-02-13,13.4,0.0
2601,2019-02-14,11.7,0.0
2602,2019-02-15,13.8,0.0
2603,2019-02-16,13.3,0.0
2604,2019-02-17,12.0,0.0
2605,2019-02-18,12.3,0.0
2606,2019-02-19,12.8,0.0
2607,2019-02-20,12.7,0.0
2608,2019-02-21,14.7,0.0
2609,2019-02-22,15.9,0.0
2610,2019-02-23,17.2,0.0
2611,2019-02-24,16.6,0.0
2612,2019-02-25,17.5,0.0
2613,2019-02-26,17.8,0.0
2614,2019-02-27,17.1,0.0
2615,2019-02-28,17.4,0.0
2616,2019-03-01,17.8,0.0
2617,2019-03-02,18.7,0.0
2618,2019-03-03,16.8,0.0
2619,2019-03-04,12.4,0.0
2620,2019-03-05,11.4,0.4
2621,2019-03-06,10.1,10.3
2622,2019-03-07,8.5,0.0
2623,2019-03-08,13.5,0.0
2624,2019-03-09,17.7,0.0
2625,2019-03-10,22.1,0.0
2626,2019-03-11,18.4,0.0
2627,2019-03-12,18.7,0.0
2628,2019-03-13,11.0,0.0
2629,2019-03-14,16.8,0.0
2630,2019-03-15,21.4,0.0
2631,2019-03-16,21.5,0.0
2632,2019-03-17,17.3,0.0
2633,2019-03-18,12.8,0.0
2634,2019-03-19,10.1,0.0
2635,2019-03-20,12.3,0.0
2636,2019-03-21,13.5,0.0
2637,2019-03-22,15.6,0.0
2638,2019-03-23,17.8,0.0
2639,2019-03-24,19.1,0.0
2640,2019-03-25,19.4,0.0
2641,2019-03-26,17.2,0.0
2642,2019-03-27,16.8,0.0
2643,2019-03-28,16.8,0.0
2644,2019-03-29,15.4,0.0
2645,2019-03-30,16.9,0.0
2646,2019-03-31,11.4,0.0
2647,2019-04-01,14.8,1.6
2648,2019-04-02,17.0,2.1
2649,2019-04-03,11.1,0.0
2650,2019-04-04,10.6,0.0
2651,2019-04-05,5.7,6.7
2652,2019-04-06,4.9,1.2
2653,2019-04-07,10.5,0.9
2654,2019-04-08,13.3,4.9
2655,2019-04-09,8.7,1.5
2656,2019-04-10,11.2,1.6
2657,2019-04-11,13.7,0.0
2658,2019-04-12,17.1,0.0
2659,2019-04-13,19.4,0.0
2660,2019-04-14,22.7,0.0
2661,2019-04-15,21.7,0.1
2662,2019-04-16,19.7,0.0
2663,2019-04-17,21.7,2.3
2664,2019-04-18,13.2,31.1
2665,2019-04-19,9.6,13.1
2666,2019-04-20,17.2,0.0
2667,2019-04-21,10.6,0.0
2668,2019-04-22,16.3,0.0
2669,2019-04-23,10.9,1.5
2670,2019-04-24,8.6,15.2
2671,2019-04-25,8.1,1.4
2672,2019-04-26,15.4,0.0
2673,2019-04-27,21.2,0.0
2674,2019-04-28,24.7,0.0
2675,2019-04-29,26.5,0.0
2676,2019-04-30,27.0,0.0
2677,2019-05-01,24.7,0.7
2678,2019-05-02,24.9,0.1
2679,2019-05-03,17.8,0.0
2680,2019-05-04,21.3,0.0
2681,2019-05-05,22.4,0.0
2682,2019-05-06,22.2,0.0
2683,2019-05-07,20.5,0.0
2684,2019-05-08,14.9,0.3
2685,2019-05-09,19.6,0.0
2686,2019-05-10,23.3,0.0
2687,2019-05-11,26.4,0.0
2688,2019-05-12,25.4,0.0
2689,2019-05-13,28.0,0.0
2690,2019-05-14,28.6,0.0
2691,2019-05-15,31.9,0.0
2692,2019-05-16,27.6,0.8
2693,2019-05-17,13.4,0.2
2694,2019-05-18,15.0,0.0
2695,2019-05-19,16.4,0.1
2696,2019-05-20,19.9,0.0
2697,2019-05-21,23.8,0.0
2698,2019-05-22,26.7,0.0
2699,2019-05-23,26.3,0.0
2700,2019-05-24,21.3,0.0
2701,2019-05-25,22.7,0.0
2702,2019-05-26,25.6,0.0
2703,2019-05-27,28.5,0.0
2704,2019-05-28,24.4,0.0
2705,2019-05-29,25.0,0.0
2706,2019-05-30,29.3,0.0
2707,2019-05-31,31.1,0.0
2708,2019-06-01,32.8,0.0
2709,2019-06-02,32.3,0.0
2710,2019-06-03,28.8,0.0
2711,2019-06-04,25.5,0.0
2712,2019-06-05,19.2,0.0
2713,2019-06-06,19.1,0.0
2714,2019-06-07,21.3,0.4
2715,2019-06-08,26.2,0.0
2716,2019-06-09,24.1,0.0
2717,2019-06-10,24.9,0.0
2718,2019-06-11,17.1,0.0
2719,2019-06-12,22.2,0.0
2720,2019-06-13,25.3,0.0
2721,2019-06-14,21.1,0.0
2722,2019-06-15,24.6,0.0
2723,2019-06-16,27.7,0.0
2724,2019-06-17,29.0,0.0
2725,2019-06-18,26.2,0.0
2726,2019-06-19,25.9,0.0
2727,2019-06-20,27.2,0.0
2728,2019-06-21,27.6,0.0
2729,2019-06-22,30.3,0.0
2730,2019-06-23,31.0,0.0
2731,2019-06-24,29.8,0.0
2732,2019-06-25,33.7,0.0
2733,2019-06-26,35.9,0.0
2734,2019-06-27,36.4,0.3
2735,2019-06-28,37.8,0.0
2736,2019-06-29,39.6,0.1
2737,2019-06-30,37.1,0.4
2738,2019-07-01,35.6,0.1
2739,2019-07-02,34.1,0.0
2740,2019-07-03,34.0,0.0
2741,2019-07-04,33.0,0.2
2742,2019-07-05,31.5,0.0
2743,2019-07-06,31.0,0.0
2744,2019-07-07,32.4,0.0
2745,2019-07-08,31.0,0.0
2746,2019-07-09,27.8,0.0
2747,2019-07-10,32.9,0.0
2748,2019-07-11,37.3,0.0
2749,2019-07-12,38.8,0.0
2750,2019-07-13,34.7,0.4
2751,2019-07-14,34.2,0.0
2752,2019-07-15,36.0,0.0
2753,2019-07-16,35.8,0.0
2754,2019-07-17,33.4,0.0
2755,2019-07-18,36.2,0.0
2756,2019-07-19,35.8,0.0
2757,2019-07-20,37.4,0.0
2758,2019-07-21,38.2,0.0
2759,2019-07-22,37.4,0.0
2760,2019-07-23,37.4,0.0
2761,2019-07-24,37.3,0.0
2762,2019-07-25,34.2,0.0
2763,2019-07-26,29.7,0.0
2764,2019-07-27,24.9,0.0
2765,2019-07-28,30.0,0.0
2766,2019-07-29,30.2,0.0
2767,2019-07-30,30.9,0.0
2768,2019-07-31,34.1,0.3
2769,2019-08-01,32.6,1.1
2770,2019-08-02,34.7,0.0
2771,2019-08-03,33.6,0.0
2772,2019-08-04,33.6,0.0
2773,2019-08-05,33.7,0.0
2774,2019-08-06,32.6,0.0
2775,2019-08-07,26.7,0.0
2776,2019-08-08,32.4,0.0
2777,2019-08-09,29.9,0.1
2778,2019-08-10,29.9,0.0
2779,2019-08-11,26.7,0.0
2780,2019-08-12,26.1,0.0
2781,2019-08-13,30.2,0.0
2782,2019-08-14,33.0,0.0
2783,2019-08-15,35.8,0.0
2784,2019-08-16,35.5,0.0
2785,2019-08-17,34.4,0.0
2786,2019-08-18,31.3,0.0
2787,2019-08-19,29.7,0.0
2788,2019-08-20,29.8,0.0
2789,2019-08-21,32.0,4.9
2790,2019-08-22,31.5,0.0
2791,2019-08-23,32.7,0.0
2792,2019-08-24,33.7,0.0
2793,2019-08-25,31.5,0.2
2794,2019-08-26,26.9,1.7
2795,2019-08-27,28.2,0.3
2796,2019-08-28,32.0,0.0
2797,2019-08-29,33.5,0.0
2798,2019-08-30,34.8,0.0
2799,2019-08-31,33.5,0.0
2800,2019-09-01,32.4,0.0
2801,2019-09-02,32.4,0.0
2802,2019-09-03,34.2,0.0
2803,2019-09-04,33.7,0.0
2804,2019-09-05,26.6,0.0
2805,2019-09-06,24.9,0.0
2806,2019-09-07,28.4,0.0
2807,2019-09-08,30.1,0.0
2808,2019-09-09,26.7,0.0
2809,2019-09-10,17.4,0.1
2810,2019-09-11,22.2,0.0
2811,2019-09-12,27.1,0.0
2812,2019-09-13,19.7,10.0
2813,2019-09-14,20.0,13.7
2814,2019-09-15,23.6,22.6
2815,2019-09-16,26.3,4.8
2816,2019-09-17,29.4,1.6
2817,2019-09-18,27.8,0.0
2818,2019-09-19,28.4,0.0
2819,2019-09-20,25.3,11.0
2820,2019-09-21,20.7,3.9
2821,2019-09-22,22.7,0.3
2822,2019-09-23,22.2,0.0
2823,2019-09-24,25.5,0.0
2824,2019-09-25,24.4,0.0
2825,2019-09-26,26.3,0.0
2826,2019-09-27,27.6,0.0
2827,2019-09-28,26.8,0.0
2828,2019-09-29,27.5,0.0
2829,2019-09-30,26.6,0.0
2830,2019-10-01,25.5,0.0
2831,2019-10-02,22.1,0.0
2832,2019-10-03,25.1,0.0
2833,2019-10-04,25.8,0.0
2834,2019-10-05,26.6,0.0
2835,2019-10-06,26.5,0.0
2836,2019-10-07,28.5,0.0
2837,2019-10-08,27.3,0.0
2838,2019-10-09,28.7,0.0
2839,2019-10-10,26.0,0.0
2840,2019-10-11,26.9,0.0
2841,2019-10-12,25.9,0.1
2842,2019-10-13,22.2,0.0
2843,2019-10-14,16.1,0.6
2844,2019-10-15,14.5,0.0
2845,2019-10-16,16.4,0.1
2846,2019-10-17,16.8,3.5
2847,2019-10-18,18.5,1.1
2848,2019-10-19,15.5,10.0
2849,2019-10-20,11.7,1.7
2850,2019-10-21,13.0,0.0
2851,2019-10-22,9.6,2.1
2852,2019-10-23,9.0,6.8
2853,2019-10-24,16.3,0.0
2854,2019-10-25,19.1,0.0
2855,2019-10-26,20.9,0.0
2856,2019-10-27,19.6,0.0
2857,2019-10-28,20.5,0.0
2858,2019-10-29,19.3,0.0
2859,2019-10-30,18.3,0.4
2860,2019-10-31,20.9,0.0
2861,2019-11-01,20.2,0.9
2862,2019-11-02,16.4,0.1
2863,2019-11-03,12.6,0.2
2864,2019-11-04,12.2,2.9
2865,2019-11-05,9.7,0.3
2866,2019-11-06,11.3,0.0
2867,2019-11-07,8.7,0.9
2868,2019-11-08,7.3,0.0
2869,2019-11-09,7.9,0.4
2870,2019-11-10,6.0,0.0
2871,2019-11-11,10.9,0.1
2872,2019-11-12,9.8,1.6
2873,2019-11-13,13.7,7.1
2874,2019-11-14,6.9,3.5
2875,2019-11-15,5.4,0.0
2876,2019-11-16,6.4,0.0
2877,2019-11-17,5.4,2.2
2878,2019-11-18,6.4,0.4
2879,2019-11-19,6.7,0.0
2880,2019-11-20,4.8,0.5
2881,2019-11-21,7.3,1.9
2882,2019-11-22,9.1,10.7
2883,2019-11-23,7.2,1.0
2884,2019-11-24,8.9,0.0
2885,2019-11-25,13.6,0.0
2886,2019-11-26,11.0,0.8
2887,2019-11-27,9.6,0.0
2888,2019-11-28,9.0,0.6
2889,2019-11-29,13.9,0.9
2890,2019-11-30,11.1,5.2
2891,2019-12-01,7.3,10.1
2892,2019-12-02,6.3,1.6
2893,2019-12-03,6.1,0.0
2894,2019-12-04,7.1,3.8
2895,2019-12-05,7.9,0.1
2896,2019-12-06,11.4,0.0
2897,2019-12-07,11.7,0.0
2898,2019-12-08,6.8,3.4
2899,2019-12-09,10.2,0.0
2900,2019-12-10,8.2,0.0
2901,2019-12-11,7.1,0.3
2902,2019-12-12,7.2,1.2
2903,2019-12-13,11.9,0.0
2904,2019-12-14,9.8,0.0
2905,2019-12-15,7.9,0.1
2906,2019-12-16,9.2,0.3
2907,2019-12-17,9.0,5.6
2908,2019-12-18,6.0,0.0
2909,2019-12-19,8.9,19.8
2910,2019-12-20,10.9,31.1
2911,2019-12-21,12.0,0.7
2912,2019-12-22,9.6,0.0
2913,2019-12-23,11.3,0.0
2914,2019-12-24,13.0,0.0
2915,2019-12-25,13.2,0.0
2916,2019-12-26,12.9,0.0
2917,2019-12-27,11.3,0.0
2918,2019-12-28,12.0,0.0
2919,2019-12-29,11.1,0.0
2920,2019-12-30,9.9,0.0
2921,2019-12-31,11.1,0.0
2922,2020-01-01,9.1,0.0
2923,2020-01-02,8.3,0.0
2924,2020-01-03,5.3,0.0
2925,2020-01-04,7.3,0.0
2926,2020-01-05,9.8,0.0
2927,2020-01-06,9.7,0.0
2928,2020-01-07,10.9,0.0
2929,2020-01-08,12.2,0.0
2930,2020-01-09,10.0,0.0
2931,2020-01-10,6.2,0.0
2932,2020-01-11,8.4,0.0
2933,2020-01-12,7.6,0.0
2934,2020-01-13,3.7,0.0
2935,2020-01-14,5.0,0.0
2936,2020-01-15,6.7,0.0
2937,2020-01-16,9.0,0.0
2938,2020-01-17,9.1,0.0
2939,2020-01-18,7.1,2.3
2940,2020-01-19,4.2,0.1
2941,2020-01-20,-0.7,3.2
2942,2020-01-21,1.2,6.4
2943,2020-01-22,6.0,4.2
2944,2020-01-23,7.2,0.0
2945,2020-01-24,6.7,4.4
2946,2020-01-25,7.1,11.1
2947,2020-01-26,7.6,0.6
2948,2020-01-27,5.0,0.4
2949,2020-01-28,10.3,0.0
2950,2020-01-29,10.9,0.0
2951,2020-01-30,8.7,0.3
2952,2020-01-31,12.5,0.0
2953,2020-02-01,15.4,1.5
2954,2020-02-02,13.8,0.0
2955,2020-02-03,15.9,0.0
2956,2020-02-04,17.1,0.0
2957,2020-02-05,10.4,0.0
2958,2020-02-06,9.8,0.0
2959,2020-02-07,11.0,0.0
2960,2020-02-08,10.3,0.1
2961,2020-02-09,8.5,0.0
2962,2020-02-10,16.0,0.0
2963,2020-02-11,14.0,0.0
2964,2020-02-12,11.9,0.0
2965,2020-02-13,12.9,0.0
2966,2020-02-14,13.4,0.0
2967,2020-02-15,13.2,0.0
2968,2020-02-16,14.4,0.0
2969,2020-02-17,12.8,0.0
2970,2020-02-18,12.0,0.0
2971,2020-02-19,12.9,0.0
2972,2020-02-20,14.6,0.0
2973,2020-02-21,16.7,0.0
2974,2020-02-22,19.0,0.0
2975,2020-02-23,18.9,0.0
2976,2020-02-24,18.5,0.0
2977,2020-02-25,12.4,0.0
2978,2020-02-26,11.9,0.0
2979,2020-02-27,15.1,0.0
2980,2020-02-28,15.9,0.0
2981,2020-02-29,8.5,0.0
2982,2020-03-01,9.8,1.5
2983,2020-03-02,7.1,3.8
2984,2020-03-03,12.4,0.0
2985,2020-03-04,14.9,0.0
2986,2020-03-05,10.8,0.3
2987,2020-03-06,5.5,0.0
2988,2020-03-07,12.7,0.0
2989,2020-03-08,14.4,0.0
2990,2020-03-09,14.1,0.0
2991,2020-03-10,20.3,0.0
2992,2020-03-11,24.2,0.0
2993,2020-03-12,23.2,0.0
2994,2020-03-13,21.8,0.0
2995,2020-03-14,21.2,0.0
2996,2020-03-15,17.3,0.3
2997,2020-03-16,8.4,9.4
2998,2020-03-17,13.0,13.9
2999,2020-03-18,15.7,0.0
3000,2020-03-19,14.1,0.0
3001,2020-03-20,10.5,0.0
3002,2020-03-21,7.2,3.8
3003,2020-03-22,9.7,1.9
3004,2020-03-23,11.0,2.2
3005,2020-03-24,12.6,0.2
3006,2020-03-25,15.6,0.0
3007,2020-03-26,10.3,0.0
3008,2020-03-27,7.7,0.9
3009,2020-03-28,13.4,0.0
3010,2020-03-29,17.4,0.0
3011,2020-03-30,7.1,3.2
3012,2020-03-31,7.7,31.5
3013,2020-04-01,11.8,8.0
3014,2020-04-02,11.6,0.2
3015,2020-04-03,16.1,0.0
3016,2020-04-04,15.5,0.0
3017,2020-04-05,16.0,0.0
3018,2020-04-06,15.5,2.4
3019,2020-04-07,18.2,9.2
3020,2020-04-08,20.4,1.5
3021,2020-04-09,14.6,4.1
3022,2020-04-10,13.5,13.2
3023,2020-04-11,16.3,1.4
3024,2020-04-12,18.2,0.1
3025,2020-04-13,15.9,0.1
3026,2020-04-14,16.2,6.9
3027,2020-04-15,12.1,20.0
3028,2020-04-16,15.2,7.5
3029,2020-04-17,16.2,0.5
3030,2020-04-18,18.9,0.0
3031,2020-04-19,17.1,3.1
3032,2020-04-20,15.8,0.0
3033,2020-04-21,13.0,2.7
3034,2020-04-22,17.1,0.0
3035,2020-04-23,18.6,0.3
3036,2020-04-24,21.2,0.0
3037,2020-04-25,22.1,0.2
3038,2020-04-26,17.7,0.5
3039,2020-04-27,12.5,0.1
3040,2020-04-28,13.3,0.0
3041,2020-04-29,15.2,0.0
3042,2020-04-30,15.2,0.0
3043,2020-05-01,20.5,0.0
3044,2020-05-02,24.8,0.0
3045,2020-05-03,28.3,0.0
3046,2020-05-04,27.6,0.5
3047,2020-05-05,20.5,0.0
3048,2020-05-06,24.9,0.0
3049,2020-05-07,23.8,0.0
3050,2020-05-08,27.3,1.5
3051,2020-05-09,19.6,0.0
3052,2020-05-10,16.0,0.8
3053,2020-05-11,15.6,1.4
3054,2020-05-12,14.1,10.4
3055,2020-05-13,15.3,0.9
3056,2020-05-14,12.8,3.3
3057,2020-05-15,16.4,2.9
3058,2020-05-16,16.5,0.0
3059,2020-05-17,21.0,0.0
3060,2020-05-18,26.8,0.0
3061,2020-05-19,29.1,0.0
3062,2020-05-20,30.2,0.0
3063,2020-05-21,30.5,0.0
3064,2020-05-22,31.3,0.0
3065,2020-05-23,32.9,0.0
3066,2020-05-24,31.3,0.0
3067,2020-05-25,30.1,1.2
3068,2020-05-26,26.3,3.3
3069,2020-05-27,28.8,0.0
3070,2020-05-28,28.1,0.0
3071,2020-05-29,31.3,0.0
3072,2020-05-30,31.5,0.0
3073,2020-05-31,30.9,0.9
3074,2020-06-01,28.7,0.0
3075,2020-06-02,29.2,0.0
3076,2020-06-03,26.9,0.7
3077,2020-06-04,19.5,1.5
3078,2020-06-05,27.4,0.0
3079,2020-06-06,24.9,0.2
3080,2020-06-07,22.7,6.4
3081,2020-06-08,21.0,0.7
3082,2020-06-09,20.7,0.0
3083,2020-06-10,24.9,0.0
3084,2020-06-11,20.8,0.1
3085,2020-06-12,13.7,0.0
3086,2020-06-13,20.0,0.0
3087,2020-06-14,24.7,0.0
3088,2020-06-15,26.5,0.0
3089,2020-06-16,23.2,0.0
3090,2020-06-17,23.2,0.0
3091,2020-06-18,27.6,0.0
3092,2020-06-19,29.0,0.0
3093,2020-06-20,31.0,0.0
3094,2020-06-21,34.1,0.0
3095,2020-06-22,35.6,0.0
3096,2020-06-23,36.8,0.0
3097,2020-06-24,32.7,0.7
3098,2020-06-25,35.4,0.0
3099,2020-06-26,29.0,0.0
3100,2020-06-27,32.3,0.0
3101,2020-06-28,35.1,0.0
3102,2020-06-29,35.5,0.0
3103,2020-06-30,35.9,0.0
3104,2020-07-01,33.7,0.0
3105,2020-07-02,31.2,0.0
3106,2020-07-03,32.5,0.0
3107,2020-07-04,35.1,0.0
3108,2020-07-05,37.1,0.0
3109,2020-07-06,39.1,0.0
3110,2020-07-07,37.9,0.0
3111,2020-07-08,33.7,2.3
3112,2020-07-09,35.0,0.2
3113,2020-07-10,32.1,0.0
3114,2020-07-11,35.7,0.0
3115,2020-07-12,33.0,2.1
3116,2020-07-13,33.8,0.0
3117,2020-07-14,32.7,0.0
3118,2020-07-15,32.8,0.0
3119,2020-07-16,35.9,0.0
3120,2020-07-17,35.2,0.0
3121,2020-07-18,36.3,0.0
3122,2020-07-19,36.6,0.0
3123,2020-07-20,35.1,0.0
3124,2020-07-21,35.0,2.3
3125,2020-07-22,33.5,0.0
3126,2020-07-23,37.2,0.2
3127,2020-07-24,36.4,0.0
3128,2020-07-25,35.8,0.0
3129,2020-07-26,37.4,0.0
3130,2020-07-27,38.2,0.0
3131,2020-07-28,35.0,0.0
3132,2020-07-29,38.0,0.0
3133,2020-07-30,38.2,1.9
3134,2020-07-31,36.9,0.0
3135,2020-08-01,36.2,0.0
3136,2020-08-02,36.2,0.0
3137,2020-08-03,32.6,0.0
3138,2020-08-04,34.3,0.0
3139,2020-08-05,36.5,0.0
3140,2020-08-06,37.6,0.0
3141,2020-08-07,38.2,0.2
3142,2020-08-08,34.3,0.0
3143,2020-08-09,36.6,0.0
3144,2020-08-10,30.5,1.7
3145,2020-08-11,22.8,11.1
3146,2020-08-12,26.6,3.1
3147,2020-08-13,29.4,0.0
3148,2020-08-14,31.3,0.0
3149,2020-08-15,26.2,0.0
3150,2020-08-16,27.3,0.0
3151,2020-08-17,27.6,0.0
3152,2020-08-18,29.7,0.0
3153,2020-08-19,29.5,0.0
3154,2020-08-20,29.7,0.0
3155,2020-08-21,30.8,0.0
3156,2020-08-22,32.5,0.0
3157,2020-08-23,33.6,0.0
3158,2020-08-24,34.7,0.0
3159,2020-08-25,35.6,0.0
3160,2020-08-26,35.4,0.0
3161,2020-08-27,36.5,0.0
3162,2020-08-28,31.6,0.0
3163,2020-08-29,21.3,0.0
3164,2020-08-30,20.2,0.0
3165,2020-08-31,23.2,0.0
3166,2020-09-01,26.2,0.0
3167,2020-09-02,29.3,0.0
3168,2020-09-03,31.2,0.0
3169,2020-09-04,32.0,0.0
3170,2020-09-05,33.2,0.0
3171,2020-09-06,32.2,0.0
3172,2020-09-07,25.1,0.0
3173,2020-09-08,24.7,0.0
3174,2020-09-09,28.1,0.0
3175,2020-09-10,30.5,0.0
3176,2020-09-11,31.6,0.0
3177,2020-09-12,32.3,0.0
3178,2020-09-13,30.6,0.0
3179,2020-09-14,28.4,0.1
3180,2020-09-15,27.8,5.3
3181,2020-09-16,29.7,0.0
3182,2020-09-17,25.0,4.1
3183,2020-09-18,19.3,16.2
3184,2020-09-19,18.0,5.8
3185,2020-09-20,20.7,1.2
3186,2020-09-21,23.0,0.0
3187,2020-09-22,23.1,0.0
3188,2020-09-23,21.4,2.0
3189,2020-09-24,20.7,0.2
3190,2020-09-25,14.4,0.0
3191,2020-09-26,17.9,0.0
3192,2020-09-27,19.2,0.0
3193,2020-09-28,22.1,0.0
3194,2020-09-29,23.9,0.0
3195,2020-09-30,24.0,0.0
3196,2020-10-01,20.7,0.0
3197,2020-10-02,13.3,9.8
3198,2020-10-03,13.3,0.0
3199,2020-10-04,13.4,0.3
3200,2020-10-05,17.0,0.0
3201,2020-10-06,24.1,0.0
3202,2020-10-07,25.7,0.0
3203,2020-10-08,24.0,0.0
3204,2020-10-09,25.4,0.0
3205,2020-10-10,23.1,0.0
3206,2020-10-11,15.9,0.0
3207,2020-10-12,16.3,0.0
3208,2020-10-13,19.5,0.0
3209,2020-10-14,12.9,0.0
3210,2020-10-15,13.1,0.0
3211,2020-10-16,13.7,0.0
3212,2020-10-17,16.3,0.0
3213,2020-10-18,18.0,0.0
3214,2020-10-19,19.9,0.0
3215,2020-10-20,15.6,29.8
3216,2020-10-21,14.8,11.6
3217,2020-10-22,14.2,17.4
3218,2020-10-23,12.4,0.2
3219,2020-10-24,12.2,0.0
3220,2020-10-25,10.5,7.4
3221,2020-10-26,9.5,0.0
3222,2020-10-27,12.5,0.9
3223,2020-10-28,14.0,0.0
3224,2020-10-29,15.7,0.2
3225,2020-10-30,18.7,0.0
3226,2020-10-31,20.8,0.0
3227,2020-11-01,20.1,0.0
3228,2020-11-02,20.0,0.0
3229,2020-11-03,15.1,9.9
3230,2020-11-04,7.9,7.8
3231,2020-11-05,12.0,18.2
3232,2020-11-06,17.1,5.3
3233,2020-11-07,13.5,17.2
3234,2020-11-08,13.5,0.1
3235,2020-11-09,14.5,1.3
3236,2020-11-10,15.0,0.0
3237,2020-11-11,13.6,0.0
3238,2020-11-12,13.7,0.0
3239,2020-11-13,14.1,0.0
3240,2020-11-14,11.5,2.0
3241,2020-11-15,15.4,0.3
3242,2020-11-16,17.9,0.0
3243,2020-11-17,15.5,0.0
3244,2020-11-18,16.4,0.0
3245,2020-11-19,19.9,0.0
3246,2020-11-20,13.4,0.0
3247,2020-11-21,12.2,0.0
3248,2020-11-22,12.8,0.0
3249,2020-11-23,13.3,0.0
3250,2020-11-24,10.3,0.0
3251,2020-11-25,9.7,2.6
3252,2020-11-26,9.6,12.7
3253,2020-11-27,7.9,4.4
3254,2020-11-28,8.7,0.0
3255,2020-11-29,10.4,0.0
3256,2020-11-30,12.0,0.0
3257,2020-12-01,12.7,0.0
3258,2020-12-02,5.2,0.0
3259,2020-12-03,4.3,0.0
3260,2020-12-04,2.4,3.8
3261,2020-12-05,2.5,0.0
3262,2020-12-06,3.7,0.0
3263,2020-12-07,7.3,3.6
3264,2020-12-08,4.8,3.1
3265,2020-12-09,6.1,0.0
3266,2020-12-10,11.9,2.5
3267,2020-12-11,12.8,5.8
3268,2020-12-12,11.0,0.0
3269,2020-12-13,10.0,0.0
3270,2020-12-14,10.0,2.6
3271,2020-12-15,7.8,0.1
3272,2020-12-16,8.1,0.1
3273,2020-12-17,12.0,0.0
3274,2020-12-18,7.6,0.0
3275,2020-12-19,7.1,3.4
3276,2020-12-20,9.7,0.0
3277,2020-12-21,8.5,0.5
3278,2020-12-22,10.7,0.0
3279,2020-12-23,7.6,0.0
3280,2020-12-24,8.2,0.4
3281,2020-12-25,3.3,0.0
3282,2020-12-26,4.4,0.0
3283,2020-12-27,1.9,0.0
3284,2020-12-28,3.7,1.6
3285,2020-12-29,2.7,0.1
3286,2020-12-30,4.7,0.0
3287,2020-12-31,3.0,3.5
3288,2021-01-01,2.2,0.8
3289,2021-01-02,-0.5,0.0
3290,2021-01-03,3.5,0.0
3291,2021-01-04,1.9,0.0
3292,2021-01-05,2.2,0.0
3293,2021-01-06,2.6,0.0
3294,2021-01-07,-2.2,1.8
3295,2021-01-08,-3.2,11.4
3296,2021-01-09,-2.2,26.3
3297,2021-01-10,-0.3,0.0
3298,2021-01-11,-0.0,0.0
3299,2021-01-12,3.0,0.0
3300,2021-01-13,4.8,0.0
3301,2021-01-14,5.8,0.0
3302,2021-01-15,4.9,0.0
3303,2021-01-16,6.5,0.0
3304,2021-01-17,6.0,0.0
3305,2021-01-18,4.9,0.0
3306,2021-01-19,3.0,0.0
3307,2021-01-20,3.9,5.8
3308,2021-01-21,6.4,0.1
3309,2021-01-22,6.2,1.0
3310,2021-01-23,5.6,1.9
3311,2021-01-24,8.0,0.1
3312,2021-01-25,11.2,1.5
3313,2021-01-26,13.2,0.0
3314,2021-01-27,17.7,0.0
3315,2021-01-28,12.5,0.0
3316,2021-01-29,12.1,0.0
3317,2021-01-30,7.5,1.5
3318,2021-01-31,11.0,0.0
3319,2021-02-01,12.8,0.0
3320,2021-02-02,9.5,0.0
3321,2021-02-03,9.6,0.8
3322,2021-02-04,10.8,0.7
3323,2021-02-05,14.1,1.8
3324,2021-02-06,9.1,7.0
3325,2021-02-07,7.6,0.3
3326,2021-02-08,6.0,2.5
3327,2021-02-09,4.8,14.3
3328,2021-02-10,10.6,4.9
3329,2021-02-11,11.0,0.0
3330,2021-02-12,10.6,1.2
3331,2021-02-13,14.1,0.0
3332,2021-02-14,13.1,0.0
3333,2021-02-15,12.6,0.0
3334,2021-02-16,11.7,0.0
3335,2021-02-17,13.8,0.0
3336,2021-02-18,11.4,0.0
3337,2021-02-19,13.4,0.0
3338,2021-02-20,12.9,0.0
3339,2021-02-21,8.3,7.1
3340,2021-02-22,9.1,2.9
3341,2021-02-23,10.8,0.0
3342,2021-02-24,12.6,0.0
3343,2021-02-25,11.3,0.8
3344,2021-02-26,13.9,0.0
3345,2021-02-27,16.3,0.0
3346,2021-02-28,10.8,0.0
3347,2021-03-01,7.6,1.6
3348,2021-03-02,11.5,0.0
3349,2021-03-03,13.5,0.0
3350,2021-03-04,12.0,0.0
3351,2021-03-05,12.4,0.0
3352,2021-03-06,12.3,0.0
3353,2021-03-07,11.5,1.3
3354,2021-03-08,9.0,5.5
3355,2021-03-09,11.0,0.0
3356,2021-03-10,13.4,0.0
3357,2021-03-11,16.6,0.0
3358,2021-03-12,12.1,0.0
3359,2021-03-13,12.9,0.0
3360,2021-03-14,12.3,0.0
3361,2021-03-15,16.0,0.0
3362,2021-03-16,15.1,0.0
3363,2021-03-17,15.3,0.0
3364,2021-03-18,6.5,0.0
3365,2021-03-19,6.5,0.0
3366,2021-03-20,7.5,0.0
3367,2021-03-21,11.3,0.0
3368,2021-03-22,14.4,0.0
3369,2021-03-23,17.9,0.0
3370,2021-03-24,18.4,0.0
3371,2021-03-25,17.6,0.0
3372,2021-03-26,15.4,0.0
3373,2021-03-27,17.1,0.0
3374,2021-03-28,18.9,0.0
3375,2021-03-29,17.3,0.0
3376,2021-03-30,17.9,0.0
3377,2021-03-31,21.0,0.0
3378,2021-04-01,20.2,0.0
3379,2021-04-02,15.1,7.8
3380,2021-04-03,18.7,2.4
3381,2021-04-04,20.3,0.0
3382,2021-04-05,21.1,0.0
3383,2021-04-06,21.7,0.0
3384,2021-04-07,18.3,0.0
3385,2021-04-08,16.2,0.0
3386,2021-04-09,11.9,2.5
3387,2021-04-10,15.1,0.6
3388,2021-04-11,15.9,8.5
3389,2021-04-12,15.9,0.0
3390,2021-04-13,12.1,6.0
3391,2021-04-14,18.1,1.1
3392,2021-04-15,14.8,0.2
3393,2021-04-16,14.7,1.3
3394,2021-04-17,15.0,0.0
3395,2021-04-18,18.3,0.0
3396,2021-04-19,19.3,2.7
3397,2021-04-20,16.7,1.7
3398,2021-04-21,14.7,1.8
3399,2021-04-22,15.6,11.8
3400,2021-04-23,14.1,0.1
3401,2021-04-24,15.3,2.8
3402,2021-04-25,13.0,1.7
3403,2021-04-26,17.7,1.5
3404,2021-04-27,19.0,3.3
3405,2021-04-28,16.5,1.3
3406,2021-04-29,12.3,0.4
3407,2021-04-30,13.0,0.8
3408,2021-05-01,14.6,1.5
3409,2021-05-02,16.6,0.0
3410,2021-05-03,17.9,2.1
3411,2021-05-04,21.9,0.0
3412,2021-05-05,24.1,0.0
3413,2021-05-06,24.8,0.0
3414,2021-05-07,26.3,0.0
3415,2021-05-08,25.5,0.0
3416,2021-05-09,15.5,2.4
3417,2021-05-10,13.0,0.2
3418,2021-05-11,15.4,0.0
3419,2021-05-12,15.3,0.1
3420,2021-05-13,16.2,0.3
3421,2021-05-14,21.5,0.0
3422,2021-05-15,24.6,0.0
3423,2021-05-16,23.5,0.0
3424,2021-05-17,24.6,0.0
3425,2021-05-18,26.0,0.0
3426,2021-05-19,24.6,0.0
3427,2021-05-20,28.1,0.0
3428,2021-05-21,26.9,0.0
3429,2021-05-22,19.1,0.0
3430,2021-05-23,17.8,0.4
3431,2021-05-24,19.0,0.0
3432,2021-05-25,25.7,0.0
3433,2021-05-26,26.9,1.3
3434,2021-05-27,27.6,0.0
3435,2021-05-28,25.9,2.5
3436,2021-05-29,31.7,1.1
3437,2021-05-30,31.6,0.0
3438,2021-05-31,30.4,0.3
3439,2021-06-01,23.5,4.4
3440,2021-06-02,25.5,0.0
3441,2021-06-03,27.9,0.4
3442,2021-06-04,26.8,0.0
3443,2021-06-05,23.3,1.9
3444,2021-06-06,30.2,0.2
3445,2021-06-07,31.0,0.0
3446,2021-06-08,32.4,0.0
3447,2021-06-09,32.7,0.0
3448,2021-06-10,32.6,0.0
3449,2021-06-11,33.6,1.3
3450,2021-06-12,30.3,0.7
3451,2021-06-13,31.4,0.5
3452,2021-06-14,34.1,0.0
3453,2021-06-15,32.3,0.0
3454,2021-06-16,31.3,3.1
3455,2021-06-17,22.2,4.8
3456,2021-06-18,22.7,5.3
3457,2021-06-19,23.0,0.0
3458,2021-06-20,16.3,0.0
3459,2021-06-21,18.4,0.0
3460,2021-06-22,21.6,1.7
3461,2021-06-23,23.9,0.0
3462,2021-06-24,28.7,0.0
3463,2021-06-25,31.1,0.0
3464,2021-06-26,30.3,0.0
3465,2021-06-27,26.5,0.0
3466,2021-06-28,26.9,0.0
3467,2021-06-29,29.3,0.0
3468,2021-06-30,30.4,0.0
3469,2021-07-01,30.9,0.0
3470,2021-07-02,31.4,0.0
3471,2021-07-03,31.0,0.0
3472,2021-07-04,31.4,0.0
3473,2021-07-05,31.9,0.0
3474,2021-07-06,22.3,0.0
3475,2021-07-07,24.7,0.0
3476,2021-07-08,29.4,0.0
3477,2021-07-09,33.4,0.0
3478,2021-07-10,36.3,0.0
3479,2021-07-11,36.4,0.0
3480,2021-07-12,25.6,0.0
3481,2021-07-13,26.4,0.0
3482,2021-07-14,28.6,0.0
3483,2021-07-15,31.5,0.0
3484,2021-07-16,36.3,0.0
3485,2021-07-17,38.0,0.0
3486,2021-07-18,34.3,0.0
3487,2021-07-19,35.8,0.0
3488,2021-07-20,34.0,0.0
3489,2021-07-21,35.9,0.0
3490,2021-07-22,34.7,0.0
3491,2021-07-23,28.5,0.0
3492,2021-07-24,29.9,0.0
3493,2021-07-25,30.8,0.7
3494,2021-07-26,30.7,1.0
3495,2021-07-27,31.2,0.0
3496,2021-07-28,33.5,0.0
3497,2021-07-29,33.5,0.0
3498,2021-07-30,32.7,0.0
3499,2021-07-31,26.8,3.3
3500,2021-08-01,24.9,0.0
3501,2021-08-02,29.3,0.0
3502,2021-08-03,30.7,0.0
3503,2021-08-04,31.5,0.2
3504,2021-08-05,34.2,0.0
3505,2021-08-06,30.1,0.0
3506,2021-08-07,28.3,0.0
3507,2021-08-08,29.1,0.0
3508,2021-08-09,33.1,0.1
3509,2021-08-10,36.1,0.0
3510,2021-08-11,37.6,3.0
3511,2021-08-12,36.2,0.0
3512,2021-08-13,39.4,0.0
3513,2021-08-14,40.5,0.5
3514,2021-08-15,36.4,0.0
3515,2021-08-16,35.9,0.0
3516,2021-08-17,32.9,0.0
3517,2021-08-18,33.3,0.0
3518,2021-08-19,32.5,0.0
3519,2021-08-20,31.9,0.0
3520,2021-08-21,33.1,0.0
3521,2021-08-22,36.2,0.0
3522,2021-08-23,37.6,1.1
3523,2021-08-24,33.3,2.4
3524,2021-08-25,31.3,2.8
3525,2021-08-26,33.3,0.0
3526,2021-08-27,33.5,0.0
3527,2021-08-28,32.6,0.0
3528,2021-08-29,30.7,0.2
3529,2021-08-30,28.9,0.0
3530,2021-08-31,31.1,0.0
3531,2021-09-01,25.6,14.6
3532,2021-09-02,24.7,0.0
3533,2021-09-03,27.6,0.1
3534,2021-09-04,29.4,0.0
3535,2021-09-05,32.6,0.0
3536,2021-09-06,32.6,0.0
3537,2021-09-07,29.0,0.0
3538,2021-09-08,26.1,0.0
3539,2021-09-09,24.7,0.1
3540,2021-09-10,25.8,0.0
3541,2021-09-11,24.5,0.0
3542,2021-09-12,29.6,0.0
3543,2021-09-13,24.7,2.9
3544,2021-09-14,18.9,11.2
3545,2021-09-15,22.0,0.8
3546,2021-09-16,24.9,0.0
3547,2021-09-17,26.1,0.0
3548,2021-09-18,23.4,0.0
3549,2021-09-19,24.5,0.0
3550,2021-09-20,22.8,0.0
3551,2021-09-21,18.9,0.0
3552,2021-09-22,20.0,0.0
3553,2021-09-23,23.6,5.2
3554,2021-09-24,23.6,13.2
3555,2021-09-25,18.2,0.0
3556,2021-09-26,23.3,0.0
3557,2021-09-27,25.8,0.0
3558,2021-09-28,22.9,0.0
3559,2021-09-29,23.9,0.0
3560,2021-09-30,24.9,0.0
3561,2021-10-01,24.3,0.0
3562,2021-10-02,23.2,0.0
3563,2021-10-03,15.8,10.7
3564,2021-10-04,17.6,0.0
3565,2021-10-05,20.9,0.0
3566,2021-10-06,23.0,0.0
3567,2021-10-07,24.1,0.0
3568,2021-10-08,25.0,0.0
3569,2021-10-09,23.1,0.0
3570,2021-10-10,22.0,0.0
3571,2021-10-11,20.9,0.0
3572,2021-10-12,23.5,0.0
3573,2021-10-13,22.0,0.0
3574,2021-10-14,21.9,0.0
3575,2021-10-15,22.8,0.0
3576,2021-10-16,19.4,0.0
3577,2021-10-17,21.0,2.0
3578,2021-10-18,23.5,0.0
3579,2021-10-19,23.3,0.0
3580,2021-10-20,21.3,0.0
3581,2021-10-21,20.4,0.0
3582,2021-10-22,15.9,0.3
3583,2021-10-23,18.0,0.0
3584,2021-10-24,17.9,0.0
3585,2021-10-25,18.5,0.0
3586,2021-10-26,18.4,0.0
3587,2021-10-27,19.0,0.0
3588,2021-10-28,16.7,0.0
3589,2021-10-29,12.4,12.3
3590,2021-10-30,17.9,26.2
3591,2021-10-31,18.5,16.3
3592,2021-11-01,15.2,6.6
3593,2021-11-02,10.9,3.7
3594,2021-11-03,8.8,3.8
3595,2021-11-04,7.9,0.0
3596,2021-11-05,7.1,0.0
3597,2021-11-06,9.4,0.0
3598,2021-11-07,10.6,0.0
3599,2021-11-08,13.8,0.0
3600,2021-11-09,13.9,0.0
3601,2021-11-10,14.1,0.0
3602,2021-11-11,14.2,0.0
3603,2021-11-12,16.8,0.0
3604,2021-11-13,15.8,0.0
3605,2021-11-14,14.5,0.0
3606,2021-11-15,11.1,0.0
3607,2021-11-16,10.8,0.0
3608,2021-11-17,11.1,0.0
3609,2021-11-18,11.2,0.0
3610,2021-11-19,11.3,0.0
3611,2021-11-20,9.4,2.0
3612,2021-11-21,12.8,0.0
3613,2021-11-22,6.9,12.1
3614,2021-11-23,4.3,3.5
3615,2021-11-24,4.3,0.0
3616,2021-11-25,5.9,0.9
3617,2021-11-26,5.6,0.0
3618,2021-11-27,3.2,0.1
3619,2021-11-28,4.3,0.0
3620,2021-11-29,10.5,0.0
3621,2021-11-30,10.7,0.0
3622,2021-12-01,8.0,0.7
3623,2021-12-02,4.2,0.0
3624,2021-12-03,10.2,0.0
3625,2021-12-04,9.7,0.0
3626,2021-12-05,6.5,0.2
3627,2021-12-06,10.4,2.2
3628,2021-12-07,7.3,0.0
3629,2021-12-08,6.7,3.1
3630,2021-12-09,9.4,0.6
3631,2021-12-10,12.4,0.0
3632,2021-12-11,15.0,0.0
3633,2021-12-12,11.9,0.0
3634,2021-12-13,10.7,0.0
3635,2021-12-14,13.4,0.0
3636,2021-12-15,14.4,0.0
3637,2021-12-16,10.4,0.0
3638,2021-12-17,9.1,0.0
3639,2021-12-18,6.9,0.0
3640,2021-12-19,9.0,0.3
3641,2021-12-20,8.3,0.0
3642,2021-12-21,11.3,1.1
3643,2021-12-22,11.5,1.1
3644,2021-12-23,9.8,1.9
3645,2021-12-24,10.4,0.2
3646,2021-12-25,9.4,8.8
3647,2021-12-26,8.8,11.8
3648,2021-12-27,11.4,0.0
3649,2021-12-28,12.7,0.0
3650,2021-12-29,12.1,0.0
3651,2021-12-30,13.6,0.0
3652,2021-12-31,14.6,0.0
3653,2022-01-01,14.5,0.0
3654,2022-01-02,13.1,0.0
3655,2022-01-03,12.5,0.0
3656,2022-01-04,9.1,3.4
3657,2022-01-05,6.1,3.7
3658,2022-01-06,4.9,0.0
3659,2022-01-07,6.3,0.0
3660,2022-01-08,5.9,0.0
3661,2022-01-09,10.4,0.0
3662,2022-01-10,13.4,0.0
3663,2022-01-11,12.1,0.0
3664,2022-01-12,8.3,0.0
3665,2022-01-13,6.3,0.0
3666,2022-01-14,4.9,0.0
3667,2022-01-15,6.2,0.0
3668,2022-01-16,7.7,0.0
3669,2022-01-17,8.5,0.0
3670,2022-01-18,9.7,0.0
3671,2022-01-19,10.3,0.0
3672,2022-01-20,9.7,0.0
3673,2022-01-21,5.7,0.0
3674,2022-01-22,6.9,0.0
3675,2022-01-23,6.3,0.0
3676,2022-01-24,5.2,0.0
3677,2022-01-25,7.8,0.3
3678,2022-01-26,7.6,0.0
3679,2022-01-27,10.3,0.0
3680,2022-01-28,11.9,0.0
3681,2022-01-29,13.0,0.0
3682,2022-01-30,13.2,0.0
3683,2022-01-31,13.0,0.0
3684,2022-02-01,11.8,0.0
3685,2022-02-02,17.1,0.0
3686,2022-02-03,13.8,0.0
3687,2022-02-04,12.3,0.1
3688,2022-02-05,10.2,0.0
3689,2022-02-06,11.9,0.0
3690,2022-02-07,14.0,0.0
3691,2022-02-08,14.0,0.0
3692,2022-02-09,13.3,0.0
3693,2022-02-10,14.4,0.0
3694,2022-02-11,14.6,0.0
3695,2022-02-12,12.1,0.0
3696,2022-02-13,8.5,0.2
3697,2022-02-14,7.2,0.6
3698,2022-02-15,9.5,0.0
3699,2022-02-16,13.0,0.0
3700,2022-02-17,16.6,0.0
3701,2022-02-18,17.3,0.0
3702,2022-02-19,9.6,1.2
3703,2022-02-20,13.2,0.0
3704,2022-02-21,15.0,0.0
3705,2022-02-22,16.6,0.0
3706,2022-02-23,15.1,0.0
3707,2022-02-24,13.5,0.0
3708,2022-02-25,8.1,0.9
3709,2022-02-26,8.5,5.6
3710,2022-02-27,11.8,0.1
3711,2022-02-28,14.9,0.0
3712,2022-03-01,15.2,0.0
3713,2022-03-02,12.9,0.2
3714,2022-03-03,7.3,10.7
3715,2022-03-04,8.4,3.0
3716,2022-03-05,9.0,0.0
3717,2022-03-06,8.1,0.0
3718,2022-03-07,7.9,7.1
3719,2022-03-08,9.3,1.1
3720,2022-03-09,10.6,0.0
3721,2022-03-10,11.2,0.0
3722,2022-03-11,9.7,13.0
3723,2022-03-12,9.3,3.7
3724,2022-03-13,11.3,7.4
3725,2022-03-14,10.7,14.0
3726,2022-03-15,14.2,3.2
3727,2022-03-16,12.4,0.3
3728,2022-03-17,8.3,1.7
3729,2022-03-18,11.7,0.0
3730,2022-03-19,11.0,0.4
3731,2022-03-20,9.9,1.2
3732,2022-03-21,11.8,26.1
3733,2022-03-22,8.2,21.3
3734,2022-03-23,9.4,3.7
3735,2022-03-24,9.4,8.0
3736,2022-03-25,10.2,7.4
3737,2022-03-26,11.5,1.6
3738,2022-03-27,11.9,0.1
3739,2022-03-28,15.3,0.1
3740,2022-03-29,14.1,6.3
3741,2022-03-30,9.7,9.5
3742,2022-03-31,9.4,1.0
3743,2022-04-01,5.6,0.0
3744,2022-04-02,6.0,0.0
3745,2022-04-03,6.2,0.4
3746,2022-04-04,7.3,0.0
3747,2022-04-05,7.3,0.4
3748,2022-04-06,15.4,0.0
3749,2022-04-07,17.3,0.0
3750,2022-04-08,14.0,0.0
3751,2022-04-09,15.2,1.7
3752,2022-04-10,20.0,0.4
3753,2022-04-11,17.4,1.4
3754,2022-04-12,13.6,2.7
3755,2022-04-13,16.2,0.0
3756,2022-04-14,19.0,0.0
3757,2022-04-15,23.8,0.0
3758,2022-04-16,25.0,0.0
3759,2022-04-17,25.1,0.0
3760,2022-04-18,24.4,0.0
3761,2022-04-19,15.0,6.6
3762,2022-04-20,5.7,4.7
3763,2022-04-21,13.0,0.0
3764,2022-04-22,6.5,21.5
3765,2022-04-23,7.2,3.0
3766,2022-04-24,16.1,0.0
3767,2022-04-25,19.0,0.0
3768,2022-04-26,20.2,0.9
3769,2022-04-27,16.7,4.4
3770,2022-04-28,14.2,2.8
3771,2022-04-29,22.2,0.0
3772,2022-04-30,23.2,0.0
3773,2022-05-01,23.5,0.0
3774,2022-05-02,18.0,5.8
3775,2022-05-03,12.3,1.6
3776,2022-05-04,17.9,0.0
3777,2022-05-05,22.4,0.0
3778,2022-05-06,22.8,0.0
3779,2022-05-07,23.8,0.0
3780,2022-05-08,26.0,0.0
3781,2022-05-09,28.4,0.0
3782,2022-05-10,28.8,0.0
3783,2022-05-11,29.7,0.0
3784,2022-05-12,25.4,0.0
3785,2022-05-13,28.9,0.0
3786,2022-05-14,27.6,0.1
3787,2022-05-15,21.5,0.0
3788,2022-05-16,25.0,0.0
3789,2022-05-17,28.3,0.0
3790,2022-05-18,31.0,0.0
3791,2022-05-19,32.4,0.7
3792,2022-05-20,31.7,0.4
3793,2022-05-21,32.9,0.2
3794,2022-05-22,24.6,0.0
3795,2022-05-23,26.4,0.0
3796,2022-05-24,20.0,0.0
3797,2022-05-25,20.3,0.0
3798,2022-05-26,26.1,0.0
3799,2022-05-27,30.5,0.0
3800,2022-05-28,31.4,0.1
3801,2022-05-29,29.4,0.0
3802,2022-05-30,20.2,0.0
3803,2022-05-31,27.9,0.0
3804,2022-06-01,27.8,0.0
3805,2022-06-02,26.4,0.0
3806,2022-06-03,25.0,0.0
3807,2022-06-04,25.0,0.0
3808,2022-06-05,28.0,0.0
3809,2022-06-06,27.7,0.0
3810,2022-06-07,31.5,0.0
3811,2022-06-08,27.2,0.0
3812,2022-06-09,33.1,0.0
3813,2022-06-10,34.8,0.0
3814,2022-06-11,36.2,0.0
3815,2022-06-12,34.8,0.0
3816,2022-06-13,35.7,0.0
3817,2022-06-14,37.2,0.5
3818,2022-06-15,38.9,0.1
3819,2022-06-16,36.6,0.3
3820,2022-06-17,38.8,0.1
3821,2022-06-18,35.6,1.2
3822,2022-06-19,24.3,0.0
3823,2022-06-20,23.9,0.0
3824,2022-06-21,24.4,0.0
3825,2022-06-22,19.3,0.0
3826,2022-06-23,20.3,0.1
3827,2022-06-24,24.6,0.0
3828,2022-06-25,24.5,0.0
3829,2022-06-26,23.9,0.0
3830,2022-06-27,27.5,0.3
3831,2022-06-28,30.4,0.0
3832,2022-06-29,28.6,0.0
3833,2022-06-30,28.4,0.0
3834,2022-07-01,31.7,0.0
3835,2022-07-02,35.2,0.8
3836,2022-07-03,33.1,0.0
3837,2022-07-04,32.5,0.0
3838,2022-07-05,33.2,0.0
3839,2022-07-06,32.4,0.0
3840,2022-07-07,31.3,0.0
3841,2022-07-08,35.1,0.0
3842,2022-07-09,37.5,0.0
3843,2022-07-10,38.4,0.0
3844,2022-07-11,38.1,0.6
3845,2022-07-12,37.7,0.0
3846,2022-07-13,39.5,0.0
